brand,categories,products,orders,items,net_sales_value,net_profit_value,net_margin_rate,observed_return_rate
UNIONBAY,7,40,262,262,6713.410026550293,3362.235472657132,0.5008237928802373,0.2727272727272727
Hanes,9,308,1953,1962,28976.07000398636,15050.3227511395,0.5194052453997027,0.27941176470588236
Kangol,2,15,119,119,3955.1500129699707,2310.0991621488092,0.5840737151747444,0.21428571428571427
Burnside,4,41,264,264,6315.240019321442,2938.350606430218,0.4652793238959011,0.3
Jackie's Boutique,1,1,10,10,378.0,232.46999938040972,0.6149999983608723,0.25
Maidenform,3,69,410,410,7418.759998321533,3526.887623732722,0.47540122938748086,0.2972972972972973
Dickies,15,166,1098,1103,33951.17014217377,17513.261606411732,0.5158367600607955,0.28254847645429365
b.tempt'd by Wacoal,1,15,92,92,1770.0,858.7380010378547,0.48516271245076537,0.2608695652173913
A:X Armani Exchange,13,65,389,389,25666.0,13051.152012524195,0.5084996498295097,0.19333333333333333
AGB,2,6,44,44,1639.9599952697754,870.0811984624966,0.530550257916119,0.23076923076923078
Cpanty,1,2,8,8,314.0,163.7279998138547,0.5214267509995373,0.3333333333333333
Carnival,2,15,74,74,2429.0,1107.0100005881395,0.45574722132076556,0.21875
Hurley,14,231,1449,1454,54819.43989562988,25785.756124851257,0.4703761325169405,0.2703252032520325
Levi's,10,258,1507,1513,58533.20090675354,28975.166637172657,0.4950210511010942,0.24863883847549909
COOL-JAMS WICKING SLEEPWEAR,1,4,27,27,953.0,450.7649991698563,0.47299580185714196,0.08333333333333333
Yala Designs,1,1,7,7,126.0,50.02199980895966,0.39699999848380685,0.0
Frederick's of Hollywood,2,47,259,259,7747.0,3603.491004984826,0.4651466380514813,0.313953488372093
Clever,2,11,74,74,1414.0,696.6379987766268,0.4926718520343895,0.2962962962962963
Metal Mulisha,6,55,349,349,13802.950031280518,6613.675298478522,0.47914940527137173,0.17647058823529413
Matix,7,31,210,210,8223.550025939941,4010.072810930952,0.48763281043853146,0.27710843373493976
Polo Ralph Lauren,15,64,462,463,23988.160039901733,11890.197346484645,0.4956694188594113,0.25
eloquii,7,25,149,150,5719.900051116943,3082.781837283765,0.5389572911648658,0.22033898305084745
LLLI,1,1,2,2,42.0,21.797999896109104,0.5189999975264072,
Kensie,9,25,139,139,6981.849969863892,3802.1788698109976,0.5445804315793855,0.24390243902439024
Playtex,2,41,239,239,7670.799999237061,3680.510342138777,0.47980788737874036,0.24175824175824176
Authentic Pigment,3,9,65,65,2233.9099502563477,1085.898053853711,0.48609750528623635,0.35714285714285715
Van Heusen,4,53,348,351,9518.460083007812,4276.202135882653,0.44925356608013245,0.3277310924369748
Quiksilver,12,257,1760,1776,78151.95005893707,35711.72197357705,0.4569524106134986,0.2857142857142857
UR,1,2,10,10,305.0,182.6600008457899,0.598885248674721,0.2857142857142857
Ripe Maternity,1,27,174,174,10012.0299949646,5535.964924038317,0.5529313163087354,0.26
Sprawl,1,1,5,5,212.5,85.84999972372316,0.4039999986998737,
Outdoor Research,4,33,210,210,16418.460065841675,9129.855512453325,0.5560725838988904,0.3181818181818182
Sofia by Vix,1,2,14,14,455.6100082397461,249.43596381665105,0.5474769195267449,0.3333333333333333
Wrangler,6,188,1323,1336,43049.24045944214,20145.834917258,0.467971901530712,0.30022075055187636
FineBrandShop,16,169,938,943,14445.54998922348,7875.049948519067,0.5451540408218399,0.27358490566037735
Harley-Davidson,8,71,456,459,13272.100107192993,6313.148503642198,0.4756706514156492,0.3128834355828221
JeansXL,3,5,36,36,1182.6000213623047,566.0646599950551,0.4786611278283022,0.21428571428571427
Match,1,10,67,67,2057.5200805664062,1059.629831010462,0.5150033970598046,0.2916666666666667
CINCH,1,1,7,7,214.95000839233398,98.44710396540314,0.4580000005662441,0.0
Alternative,10,46,308,308,11320.05013847351,5427.938139200971,0.4794977118301809,0.2702702702702703
Hot from Hollywood,9,72,454,454,12813.670454025269,7093.733784030979,0.5536066975877754,0.3416149068322981
Tommy Hilfiger,17,250,1607,1618,82067.65001964569,44870.38638413018,0.5467487660897921,0.3081081081081081
Vanity Fair,3,76,423,424,7607.860069274902,3579.1962149833234,0.47046031109828934,0.2903225806451613
Carhartt,16,388,2612,2637,136887.78904628754,72687.19860534172,0.5309984119968737,0.2988133764832794
Glamorise,3,31,199,199,6001.260164260864,2979.601662353625,0.49649599930660615,0.3108108108108108
Speedo,4,196,1240,1247,46480.95983505249,23667.952043649708,0.5091967146900674,0.28132387706855794
Lipo in a Box,1,7,51,51,998.0,481.1780009493232,0.4821422855203639,0.3333333333333333
Bella,10,66,357,358,7234.949995994568,3647.62810559416,0.5041677008982189,0.28125
Code V,2,3,17,17,430.36000823974604,185.18820396933253,0.43030997403031795,0.5
Donna Karan,3,5,25,25,569.6000022888184,282.17520092485023,0.49539185356563953,0.5
eight sixty,1,1,8,8,173.8800048828125,75.81168192421615,0.43599999882280827,0.6666666666666666
Lilo Maternity,1,9,54,54,1656.7100067138672,924.7671709118877,0.5581949569714922,0.2727272727272727
Private Label,2,10,60,60,1351.2899894714355,809.4787958902762,0.5990415101105783,0.21428571428571427
J America,1,2,17,17,539.4299812316895,229.48006159513662,0.42541213795933436,0.25
Calvin Klein Jeans,9,128,846,847,39110.19009876251,19532.25582228666,0.4994160287373464,0.31186440677966104
iCollection Lingerie,1,7,40,40,1039.230016708374,484.0607786657721,0.4657879111295993,0.14285714285714285
Darn Tough,3,24,154,154,3342.290050506592,1610.9870424459382,0.4820009688272747,0.34615384615384615
Lindy Bop,1,19,97,97,3509.2501258850098,1903.2082207214396,0.542340429564411,0.2692307692307692
C & C California,1,1,4,4,44.0,17.42399992607534,0.3959999983198941,1.0
Sassybax,1,7,39,39,1807.0,871.5800011232495,0.4823353631008575,0.3333333333333333
Flying Tomato,2,9,50,50,1797.0,863.0260009421036,0.48025932161497137,0.375
ARROW,4,14,93,93,2515.929998397827,1185.662101380171,0.47126195964721357,0.22857142857142856
Ulla Popken,8,20,107,107,7390.0,3620.8030030867085,0.489959810972491,0.1935483870967742
HOTmilk,2,7,37,37,1131.1499977111816,609.9909468823776,0.539266187611422,0.08333333333333333
Timeteo,2,2,12,12,320.0,155.35999968647957,0.48549999902024865,0.25
Seven7,5,19,100,100,4660.0,2228.673003061209,0.47825600924060274,0.3142857142857143
Fox Outdoor,3,9,54,54,1818.2500038146973,889.1157505598608,0.48899532445730326,0.23809523809523808
Second Base,1,1,4,4,132.0,56.760000206530094,0.4300000015646219,0.5
Rory Beca,2,5,26,26,1199.9099960327148,694.5596362821531,0.5788431120488943,0.3333333333333333
Torrid,9,23,147,147,5302.0,2673.935502332868,0.5043258208851128,0.20754716981132076
Rusty,5,32,219,219,8094.860023498535,3692.977600740323,0.45621265717010473,0.3088235294117647
626 BLUE,1,2,12,12,353.5,170.19499981869012,0.4814568594588122,1.0
Lucky Brand,10,172,1022,1023,55852.360136032104,26860.385500337354,0.4809176449288287,0.2794871794871795
FOXFIRE,1,6,41,41,1396.7599830627441,843.2722314789913,0.603734529700591,0.2222222222222222
Paul Malone,1,14,110,110,4358.200119018555,2628.498475820368,0.603115599109362,0.24390243902439024
Royal Robbins,7,24,154,154,9159.16994857788,4887.56381347206,0.5336251910284664,0.2413793103448276
Charter Club,3,3,16,16,341.6900005340576,152.21128950319718,0.4454660343155862,0.0
Hot Chillys,7,34,178,178,5320.560010910034,2844.4548916650056,0.5346156956847268,0.29310344827586204
Eddie Bauer,14,67,405,405,19830.389790534973,10231.28325640298,0.5159395939502087,0.3359375
House of Cheviot,2,2,21,21,544.1500129699707,285.0464566665918,0.5238380039923334,0.1111111111111111
The North Face,4,36,261,261,93710.13998413086,51665.282769241065,0.551330760769221,0.3372093023255814
Aqua Sphere,2,4,18,18,968.049976348877,533.1529352543869,0.5507493913333283,0.2222222222222222
TYR,1,33,219,219,7814.8300132751465,4005.082866378878,0.5124977586940976,0.23529411764705882
Suzi Chin,1,8,46,46,3828.3500061035156,2122.3179050371696,0.5543688277335068,0.3333333333333333
Caterpillar,5,16,100,100,3232.5500469207764,1660.3017920463867,0.5136198258176813,0.3055555555555556
Affliction,6,23,152,152,12301.219860076904,5766.296856097673,0.4687581330703591,0.31666666666666665
Funfash,4,20,109,109,3509.2401123046875,1850.5647411179448,0.5273405871057907,0.358974358974359
Nirvana,1,1,4,4,89.9800033569336,36.98178124025583,0.41099999845027924,0.5
Guide Gear,8,32,200,200,5010.390068054199,2582.7089276558854,0.5154706305449166,0.32098765432098764
COCO,2,2,10,10,334.92001152038574,183.90580566854848,0.5491036645845648,0.5
MANGO,9,55,316,316,10666.480209350586,5697.351597375992,0.5341360491515755,0.29292929292929293
U.S. Polo Assn.,7,66,442,443,10901.740055084229,5239.698690647547,0.48062957511116916,0.21621621621621623
Blue Banana,5,11,86,86,3239.4200592041016,1620.3578628431992,0.5001999843272279,0.3333333333333333
Beach Rays,1,4,27,27,624.950008392334,258.1026526153147,0.41299727842115946,0.3
GUINNESS,2,7,50,50,1413.350009918213,613.5078548824179,0.4340806244575751,0.35714285714285715
US Fairytailes,2,21,104,104,9224.210102081299,4988.879062058455,0.540846208710358,0.3611111111111111
Anvil,2,7,54,54,873.4899997711182,400.0403608370529,0.4579793253979737,0.2857142857142857
Mary Green,2,10,65,65,3612.4500007629395,1585.3471506418011,0.438856496368664,0.34615384615384615
Maple Clothing,5,11,57,57,1800.2600231170654,1010.9062880627474,0.5615334868750853,0.1111111111111111
By The Sword Inc.,1,1,6,6,225.0,95.40000013075768,0.42400000058114523,0.0
Spoylt,1,1,7,7,225.0,102.60000005364418,0.4560000002384186,0.5
Croft & Barrow,1,5,48,48,1275.0,768.1050013471395,0.602435295174227,0.13636363636363635
Sleepyheads,1,1,4,4,90.0,39.329999908804886,0.436999998986721,
Axis,2,3,20,20,513.4000015258789,273.7172006281719,0.533146084563022,0.25
Larry Levine,1,14,66,66,4206.659957885742,2328.855822720706,0.5536116173010531,0.2608695652173913
ExOfficio,8,48,281,282,11759.65998840332,6558.459394587782,0.5577082501581972,0.3557692307692308
CW-X,3,7,57,57,4175.0,2480.5999969504774,0.5941556878923299,0.5
Salt Life,1,2,20,20,783.0,392.8229998899624,0.5016896550318805,0.1
Elle Macpherson Intimates,2,2,13,13,542.0,286.6340000554919,0.5288450185525682,0.16666666666666666
ROPA VOGA,3,3,16,16,538.0,270.1999994367361,0.5022304822244166,0.2222222222222222
Icebreaker,8,68,429,430,36947.250118255615,19791.942276802314,0.5356810645841036,0.3120567375886525
Glamour,2,2,20,20,857.6000061035156,428.30800170835846,0.4994263044077684,0.125
WARMEN,1,19,90,90,1349.6200122833252,790.0715691032516,0.5854029741057161,0.4
Bloom's Outlet,1,11,54,54,837.6199970245361,485.16172698165997,0.579214594571634,0.47368421052631576
For Two Fitness,1,2,18,18,779.8400268554688,457.69622511712487,0.5869104038717825,0.09090909090909091
Coolibar,7,27,146,146,5691.630046844482,3011.0379989254534,0.5290291136534452,0.24489795918367346
The Cat's Pajamas,1,15,100,100,6056.0,2418.8139914646745,0.39940785856418004,0.25
Belabumbum,1,5,23,23,1169.0,678.4639983810484,0.5803798104200586,0.16666666666666666
LAT Sportswear,6,11,71,71,1550.5699977874756,806.8028991360836,0.5203266542544478,0.47058823529411764
Scala,1,5,31,31,1555.8399753570557,913.2783274652774,0.5870001683532303,0.45454545454545453
Vocal,1,1,6,6,187.9600067138672,76.68768270564796,0.4079999998211861,1.0
Diesel,18,217,1447,1456,149034.2198791504,74961.76083642562,0.5029835489943919,0.34146341463414637
Tasso Elba,2,21,143,143,9961.16999053955,5907.381836696472,0.593040962287252,0.3137254901960784
Scotch & Soda,5,22,147,147,14613.549964904785,7747.356937261169,0.5301488656669227,0.3018867924528302
Marc Ecko,3,8,35,35,1180.0000171661377,666.8149834313828,0.5650974353651207,0.16666666666666666
KUT from the Kloth,8,39,178,178,8385.409996032715,3956.187204223517,0.4717941288613507,0.2857142857142857
Gold Toe,4,79,533,533,8771.279969215393,4071.088412315714,0.46413846401027375,0.34134615384615385
Baby Be Mine,2,11,62,62,2655.330032348633,1415.483253349558,0.5330724377404668,0.11764705882352941
Betsey Johnson,7,51,306,307,8588.990009307861,4219.816875494042,0.49130536546451203,0.21495327102803738
Jack,8,14,90,90,4748.729995727539,2534.304256630473,0.5336804280114056,0.11764705882352941
Paul Frank,2,31,176,176,4622.5499839782715,2156.9472582540916,0.4666141557646877,0.2597402597402597
Julian Taylor,1,5,28,28,1128.000015258789,604.8120088101329,0.5361808516211546,0.375
NOM,1,16,87,87,4265.150009155273,2389.7599785999346,0.5602991626250524,0.23076923076923078
Creekwood,1,1,3,3,96.0,45.50399994850159,0.4739999994635582,1.0
London Times,1,14,86,86,3967.590015411377,2185.801981580603,0.5509142761954373,0.3103448275862069
Steve and Barrys,1,1,6,6,243.95000457763672,156.37195221087262,0.640999997034669,0.0
Coach,2,6,41,41,4202.990013122559,2393.122365046197,0.5693856891342591,0.5
Cool-jams Wicking Sleepwear,2,9,52,52,2367.0,955.4429971091449,0.4036514563198753,0.43478260869565216
Panache,6,15,101,101,4429.080001831055,2265.645599633181,0.5115386488156741,0.3142857142857143
Barbour,2,18,132,132,30893.890014648438,16873.37176240483,0.546171807901312,0.1111111111111111
Glamourmom,2,11,57,57,2362.0,1260.0899976128712,0.5334843342984213,0.15
FursNewYork,1,2,15,15,453.6000061035156,271.6980042998642,0.5989814829011714,0.2
Band Merch,1,1,9,9,248.75,118.1562499073334,0.47499999962747097,0.5
Montefino,1,1,12,12,499.5000076293945,268.2315036373715,0.5369999990798532,0.2
Keep On Truckin' Apparel,1,1,3,3,49.950000762939446,24.72525042975693,0.4950000010430811,1.0
C1RCA,1,3,23,23,1230.7500038146973,555.8850004327744,0.4516636186957663,0.125
Frogg Toggs,2,2,11,11,604.7099876403809,352.14947171350616,0.5823443946868103,0.0
Mishka,1,1,4,4,199.80000305175778,89.51040119934488,0.4479999991599469,0.0
BB,1,2,12,12,549.8900184631348,331.88362023380705,0.6035454528914256,0.0
GST,1,2,16,16,599.8800201416016,380.32393365472734,0.634000001475215,0.25
Aftco,1,5,42,42,1624.7099914550781,684.1975050114,0.4211197743657857,0.3125
Rivers' End,2,2,21,21,789.7700214385986,422.2162415785161,0.5346065691496263,0.16666666666666666
Grandoe,1,2,13,13,729.6499900817871,449.9440955924667,0.6166574408395895,0.0
Antonio Ansaldi,1,1,8,8,299.9400100708008,152.06958489136218,0.5069999992847443,0.0
Elan,4,8,50,50,1530.620044708252,793.3836249928174,0.518341326925483,0.3333333333333333
So So Happy,1,2,8,8,255.59000778198242,130.84593371320113,0.5119368118053048,0.0
Luxury Lane,2,4,30,30,1204.7399883270264,655.3090352085969,0.5439422958962274,0.07692307692307693
Carole Hochman,2,28,179,180,9092.76001739502,3753.556635043473,0.4128071815227372,0.3225806451612903
London Fog,1,34,199,199,15604.189998626709,8536.424682731751,0.5470597758347613,0.36507936507936506
BUDSHOP,1,2,9,9,455.9200134277344,213.78851584270615,0.4689167168499233,0.5
Saucony,5,7,49,49,2412.6000061035156,1375.1757012144524,0.5699973877706476,0.25
Angry Birds,2,4,26,26,754.8899974822998,440.99576990206117,0.5841854725494642,0.25
Spring+Mercer,1,7,51,51,1933.9000129699707,955.578305468789,0.4941198092249183,0.23529411764705882
SnowAngel,1,1,7,7,300.0,161.09999902546406,0.5369999967515469,0.0
Family Guy,2,3,18,18,409.95999908447266,239.54340033020674,0.5843092030079954,0.0
Sesame Street,1,2,13,13,382.0,229.3620005622506,0.6004240852414937,0.3333333333333333
SpongeBob SquarePants,1,1,7,7,250.0,154.50000017881393,0.6180000007152557,0.4
Hollister,4,7,46,46,1767.3999977111816,886.340310902589,0.5014938961471186,0.2777777777777778
Super Mario,1,1,4,4,150.0,89.10000021569431,0.594000001437962,0.5
Moonar,1,7,41,41,2282.7699661254883,1263.9874136475084,0.5537077464677073,0.2
Tahari,1,24,137,137,13713.320041656494,5337.89921274379,0.38924922604657597,0.391304347826087
Bud Light,1,1,6,6,201.9600067138672,115.92504348209408,0.5739999981597065,0.6666666666666666
Planet Earth,4,7,47,47,1411.6600036621094,708.8361712545955,0.5021295279428065,0.17647058823529413
What Katie Did,1,6,32,32,1619.0,726.5350008141249,0.44875540507357936,0.2857142857142857
Jessica Simpson,6,26,152,152,9711.98996925354,5325.731809215454,0.5483666916950891,0.24390243902439024
Hanky Panky,2,22,116,116,4683.629978179932,2229.773281989268,0.47607801905302577,0.3829787234042553
EcoGirl,1,1,5,5,208.0,119.1840001642704,0.5730000007897615,0.25
Lizatards,2,4,26,26,432.0,233.10399935394526,0.5395925910970955,0.25
Union Jeans,3,7,39,39,2030.4300117492676,941.3085659705331,0.46360059717575375,0.2
Aryn K,3,6,34,34,2530.0,1487.5929990531877,0.5879814225506671,0.26666666666666666
Prego,1,10,52,52,2091.599994659424,1150.2239932584762,0.5499254141305195,0.43478260869565216
BluePrint,1,1,8,8,317.9400100708008,176.13876602456514,0.5540000014007093,0.5
Miss Me,4,19,103,103,7475.779983520508,3494.7071359948577,0.4674705707897417,0.3404255319148936
Falcon Bay,3,6,28,28,705.1099834442139,321.38285141041627,0.4557910949446131,0.0
WESC,7,18,130,130,7824.069923400879,3746.445790267283,0.4788359289916494,0.24
Fratelli Orsini Everyday,1,4,24,24,1153.0000152587888,708.4436121053337,0.6144350413961831,0.2222222222222222
Blueprint,1,1,6,6,215.9600067138672,91.35108333232822,0.42300000227987766,0.0
John Hanly & Co.,1,2,12,12,333.0,197.74800060410053,0.5938378396519536,0.5
Analog,4,8,68,68,3058.959991455078,1518.115716348237,0.4962849205576251,0.2222222222222222
Tifosi,2,3,20,20,900.1799926757812,497.96585667916327,0.5531847638592386,0.2222222222222222
Jantzen,2,11,57,57,3467.720001220703,2006.6582337456443,0.5786678950547515,0.08695652173913043
PassionSpice,1,1,6,6,216.0,98.4960000514984,0.4560000002384185,0.5
John Sievers,2,4,24,24,944.450008392334,402.2962535923235,0.425958229676044,0.0
Red Dot,3,7,39,39,1898.2800006866455,857.7019205315429,0.45183108931311244,0.1
Farr West,1,8,40,40,1452.2499923706055,682.3669473962739,0.4698687904844815,0.2
HKNB Heidi Klum for New Balance,1,2,9,9,503.0,263.0810001567006,0.5230238571703789,0.6666666666666666
Brag Company,1,2,18,18,564.3500099182129,261.7915056650191,0.4638814584285355,0.3333333333333333
Iron Fist,2,4,32,32,1353.9499769210815,750.1761867802468,0.554064920837155,0.14285714285714285
Edwards,1,3,20,20,798.2499847412108,416.1975918428316,0.5213875349809886,0.25
Womama,1,5,25,25,799.8400135040283,450.76052671359423,0.5635633615513336,0.4
Undefeated,2,2,12,12,297.9300060272217,170.22813374202687,0.5713695508953645,1.0
ITC,1,1,7,7,329.9400100708008,159.36102455937447,0.4829999990761281,0.5
Fossil,3,5,32,32,1067.0,620.1560021936893,0.5812146224870566,0.18181818181818182
Scottevest,5,7,49,49,3665.0,1902.8149977046996,0.519185538255034,0.2857142857142857
Callaway,2,4,33,33,1249.2399826049805,695.0832285028195,0.5564048847151014,0.1
A. Byer,6,10,62,62,1586.8199977874756,860.6513785180416,0.5423749257748575,0.20833333333333334
Leonisa,4,10,52,52,1984.0,944.654999348335,0.4761365924134753,0.3684210526315789
Liberty,1,1,9,9,277.450008392334,126.51720389305353,0.4560000002384186,0.25
Sullen,1,1,5,5,223.80000305175778,95.11500104688105,0.42499999888241285,0.0
Suit Studio,1,11,53,53,3632.210048675537,1428.2550547931933,0.39321928953805896,0.2
Aqua,6,7,34,34,830.5400047302246,455.87384160023544,0.5488884809929319,0.1875
KNOTHE CORP.,1,27,173,173,3598.440010070801,2144.721599577137,0.5960142710660165,0.3148148148148148
Lord Daniels,2,2,25,25,1128.1600036621094,486.8803195850778,0.43157027195133696,0.16666666666666666
Fratelli,1,1,5,5,284.7500038146972,183.09425329298523,0.6430000029504299,
Grand River,2,4,25,25,1180.3299980163574,565.7647698816652,0.47932762094709097,0.5
LIJA,1,3,19,19,1008.1600036621094,493.8363225860226,0.48983923265372337,0.2727272727272727
Hudson,4,38,280,281,34992.55016326904,16381.319218811665,0.46813733615810593,0.308411214953271
L.A. Idol Jeans,1,8,49,49,2392.9999389648438,1152.1867207944326,0.48148213547086083,0.3125
Hocosa of Switzerland,2,2,19,19,952.0,558.8080001175404,0.5869831934007776,0.4444444444444444
Howe,3,5,31,31,2457.1900024414062,1391.4561730497198,0.566279437759067,0.625
Buffalo,2,3,15,15,988.4899940490723,441.705339124806,0.446848568810984,0.3333333333333333
Tehama,1,1,8,8,176.6400032043457,83.02080162448883,0.4700000006705522,0.6666666666666666
Dakota Grizzly,3,4,26,26,1234.6499633789062,594.1655829189174,0.48124213383754966,0.0
Throwdown,3,6,42,42,1405.8300094604492,608.5315924685632,0.43286285566070304,0.42857142857142855
Cashmere Pashmina Group,2,11,63,63,1418.8399963378906,784.8994097274209,0.5531979728181419,0.25
Zanerobe,4,12,83,83,4147.200004577637,1939.167029433054,0.4675846419976421,0.18181818181818182
GUESS,11,36,237,238,18195.100006103516,9330.316817819892,0.5127928296458966,0.25882352941176473
Sugoi,3,3,14,14,478.5,259.0339987920597,0.5413458699938553,0.5
Hee Grand,3,3,24,24,887.1400108337402,456.1286528560056,0.514156330777295,0.375
Diamond Chain,7,14,112,112,4738.389949798584,2321.756355789765,0.4899884518555626,0.24324324324324326
Delta Burke,2,3,14,14,579.8900146484375,346.91549786298924,0.5982436136157807,0.5
Marrikas,1,9,63,63,3161.4800872802734,1934.238027986633,0.6118140790349244,0.16
Longitude Swimwear,1,1,6,6,299.950008392334,179.6700543074019,0.598999997600913,0.0
Hi-Tec,2,4,23,23,1559.7099876403809,831.79338471844,0.5333000309735947,0.3333333333333333
Most Official Seven,2,2,12,12,540.090015411377,304.1870581234664,0.5632154815744418,0.0
Helmut Lang,1,1,10,10,419.9300117492676,210.38493590632865,0.5010000000474975,0.5
Petrol Jeans,1,1,6,6,239.9600067138672,101.50308338704528,0.42300000227987766,0.5
Drake,1,1,13,13,659.8900184631348,380.0966490221326,0.5759999975562095,0.3333333333333333
Roger Enterprises,1,1,5,5,119.9800033569336,62.98950158360599,0.5249999985098838,0.6666666666666666
ZeroXposur,1,5,24,24,2024.8200225830078,1117.9390184300169,0.552117722050127,0.4166666666666667
Rocky,2,4,23,23,470.5600109100342,285.6960969019699,0.6071406202780623,0.2727272727272727
Ambiguous,5,6,45,45,1700.5099868774414,801.9094710870911,0.4715699862248948,0.25
Elwood,3,5,33,33,1575.7999877929688,773.744792835173,0.49101713341098774,0.29411764705882354
Fred Perry,8,39,275,276,25384.3099899292,12496.960069177792,0.4923104104124064,0.31
VonZipper,2,4,19,19,1149.4999694824219,663.8882337036092,0.5775452382156513,0.16666666666666666
Bailey,1,2,13,13,904.0,585.9760005176067,0.6482035403955827,0.2
Zimmerli of Switzerland,4,9,50,50,6148.599956512451,3198.8250307932153,0.5202525865103804,0.2
LaborLooks,1,2,10,10,496.0,255.93599852919579,0.5159999970346689,0.0
Johnstons of Elgin,2,2,16,16,776.0,349.57599938102067,0.45048453528482046,0.5
J Valdi,1,2,17,17,489.46000480651855,288.410182136215,0.5892415709230876,0.16666666666666666
Marrakech,2,2,7,7,570.0,257.6519997641444,0.4520210522177972,0.0
Naturally by Derek Rose,1,11,84,84,5424.320007324219,3183.424651207649,0.5868799493594057,0.32142857142857145
Brandy Melville,2,2,9,9,510.0,274.5840002875775,0.5384000005638775,0.0
RocketWear,1,1,7,7,320.0,144.00000035762787,0.4500000011175871,
Abbey Dawn,1,2,12,12,984.0,520.2959997653961,0.528756097322557,0.2
Vigoss,2,11,70,70,2658.5200023651123,1243.5144419729343,0.46774688204965936,0.15384615384615385
Woodmont,1,1,4,4,256.0,96.25599956512451,0.3759999983012676,0.0
Paul Fredrick,5,63,378,380,44016.0,24841.40253267705,0.5643721040684535,0.26277372262773724
Shaper Corset,3,12,57,57,3144.5599575042725,1513.4444220500447,0.48128973290469956,0.3333333333333333
Stetson,2,2,13,13,779.9399871826172,407.52065442967057,0.5225025785660258,0.25
Parfait by Affinitas,1,1,7,7,260.0,123.50000014528632,0.47500000055879354,0.5
Mummy Darling,1,1,10,10,520.0,308.88000026345253,0.5940000005066395,0.2
Parfait,1,1,4,4,195.0,84.63000043295324,0.434000002220273,
Ouran High School,1,1,8,8,327.1500015258789,144.6003003063824,0.44199999887496233,0.6666666666666666
Portal 2,2,2,10,10,256.29001235961914,106.35117476298092,0.41496417977362243,0.2
Spa & Resort Inc.,1,1,5,5,197.84999084472656,119.69924473376757,0.6050000013783574,0.3333333333333333
Austin Reed,1,13,95,95,9267.370040893555,5637.824852959975,0.6083521892491928,0.3055555555555556
NEARLY NUDE,1,1,7,7,408.0,181.15200005471706,0.44400000013411045,0.0
Everjune,1,7,48,48,1498.6000061035156,686.0316540320282,0.4577816970759045,0.4090909090909091
Lilac Maternity,1,1,4,4,272.0,158.57599964737892,0.582999998703599,0.0
Serfontaine,1,1,7,7,274.2799987792969,159.35667884527862,0.5809999983757734,0.0
Ray-Ban,2,135,818,819,71031.6600265503,41206.83519392462,0.5801192760879063,0.2773972602739726
OURSURE.COM,1,5,31,31,2234.219955444336,1312.8336497912924,0.5876026872789252,0.3
Julbo,1,2,12,12,548.4099884033203,304.9054234934521,0.5559807989296025,0.5714285714285714
Stand Stewart,1,1,8,8,414.0,253.36800066009164,0.6120000015944242,0.25
Marcoliani Milano,3,18,103,103,3248.0,1402.5029966768343,0.43180510981429626,0.4594594594594595
La Perla,1,2,12,12,348.0,151.64399975538254,0.43575861998673143,0.42857142857142855
Union,2,2,23,23,1355.8999786376953,643.6906901492431,0.4747331663770467,0.0
Isaac Mizrahi Jeans,3,6,31,31,2229.240005493164,1198.0095459391316,0.5374071625249259,0.25
Turquoise,1,1,3,3,208.76998901367188,86.22200520755143,0.4129999987781048,
Klondike Sterling,2,7,42,42,1898.8999328613281,1106.8436632665462,0.5828867778191533,0.2222222222222222
Arnette,1,2,12,12,899.499969482422,501.37123372204604,0.5573888279401924,0.3333333333333333
Moda Essentials,3,3,17,17,519.8799896240234,271.5778738865656,0.5223857030599897,0.3333333333333333
King Formal Wear,2,42,271,272,10757.949768066406,6397.420378316036,0.5946691066829441,0.3163265306122449
Laguna Beach Jean Company,1,3,20,20,813.9599914550781,378.88283672134565,0.46548090901130723,0.5714285714285714
Desigual,1,1,6,6,419.9399871826172,227.60747281518996,0.5419999994337559,0.0
Montique,1,1,3,3,139.97999572753906,89.44721759112059,0.6390000022947788,1.0
Harajuku,1,1,2,2,69.98999786376953,34.08512881051645,0.48699999786913395,1.0
Fever,1,1,6,6,424.61997985839844,245.00572899204695,0.5770000014454125,0.0
Ladies First,1,2,9,9,514.0,221.6160009019077,0.43115953482861424,0.0
Foxcroft,1,1,9,9,432.0,181.4400007724762,0.42000000178813934,0.3333333333333333
Carrera,2,19,144,144,8905.77993774414,5035.806346907625,0.565453714566319,0.3333333333333333
FLATSEVEN,1,1,7,7,291.9200134277344,172.52472848388436,0.5910000018775463,0.5
Native Eyewear,2,5,22,22,1271.6699981689453,759.8315714248142,0.5975068787648383,0.3333333333333333
Donna Morgan,1,2,12,12,649.7600173950195,346.6992099695086,0.533580399975171,0.3333333333333333
Resorts Plus,2,3,23,23,849.8400039672852,466.5336902030306,0.5489664972525699,0.1111111111111111
Imaginary Foundation,1,2,16,16,1045.0,494.994999114424,0.4736794249898794,0.125
Rock & Republic,2,3,16,16,1157.9999771118164,588.8050686459109,0.5084672541310904,0.6
La Fee Verte,1,1,6,6,300.0,149.40000046044588,0.4980000015348196,0.6666666666666666
Hydraulic,1,1,4,4,225.0,128.24999964796007,0.5699999984353781,1.0
Maison Scotch,3,6,44,44,2542.6499977111816,1340.926171804482,0.527373477675474,0.35294117647058826
Escante,1,1,6,6,386.3000106811524,199.33080580504694,0.5160000007599593,0.0
Lisse Leggings,2,2,17,17,594.0,265.8540008068085,0.44756565792392,0.6
J.C. Rags,5,25,189,189,18294.00001525879,9540.90156322647,0.5215317347364452,0.25
by Anew,1,1,5,5,237.0,127.50599971041083,0.5379999987781048,0.5
Kelly Nishimoto,1,1,4,4,237.0,133.66800072044134,0.5640000030398369,0.0
Jax,1,16,89,89,7887.439987182617,4312.088361336756,0.5467031594971321,0.3333333333333333
Sansabelt,1,1,12,12,556.5,284.37149996683,0.5109999999403954,0.25
AIRBLASTER,2,2,13,13,1119.449966430664,542.1254842349028,0.48427844074483767,0.2
Aris A,1,1,10,10,319.9599914550781,208.93387350475314,0.652999997138977,1.0
Missoni,1,1,7,7,479.9399871826172,247.6490328570074,0.5159999988973141,0.0
Via Spiga,1,16,92,92,9751.12004852295,5405.258230315613,0.5543217808229501,0.2
Gongshow,3,4,27,27,1759.7699699401855,781.5375266422843,0.44411345800431445,0.14285714285714285
Green with Envy,1,1,8,8,560.0,283.360000550747,0.5060000009834767,0.25
Design Salt,1,1,4,4,320.0,125.43999940156937,0.39199999812990427,0.0
BLVCK SCVLE,1,1,4,4,320.0,183.3600002527237,0.5730000007897615,0.0
Sweet Mommy,1,14,66,66,4601.0,2511.384242958273,0.5458344366351386,0.2857142857142857
Reebok,7,28,158,158,7372.200035095215,4162.019127333129,0.5645559137733537,0.2549019607843137
FOURSQUARE,2,3,23,23,859.2600059509277,449.4485413961513,0.523064658291357,0.36363636363636365
PAIGE,3,39,209,209,24613.790016174316,11432.739170336881,0.4644851184163086,0.25
Big and Tall Guys,2,2,13,13,385.8700017929077,203.53204056371288,0.5274627196154686,0.0
Christopher Fischer,2,15,79,79,7261.0,4015.245502678212,0.5529879496871246,0.13636363636363635
Munki Munki,1,5,35,35,2464.0,1009.7999964430928,0.40982142712787856,0.3
Leo & Nicole,1,2,10,10,792.0,441.14399985969067,0.5569999998228418,0.0
Voom,1,1,12,12,890.0,590.0699989125133,0.6629999987781048,0.2
Cinderella,1,3,19,19,1217.0,673.1660023033619,0.5531355811859999,0.7142857142857143
DV by Dolce Vita,2,2,13,13,577.9200096130371,307.68000587899985,0.5323920278950296,0.25
Curves,1,1,6,6,449.7499847412109,228.92274289675424,0.509000001475215,0.0
GRUNDENS,1,1,7,7,540.0,284.5799993723631,0.5269999988377094,0.2
Tori Richard,1,1,10,10,828.0,444.63599923811853,0.5369999990798533,0.0
M.Mac,1,1,5,5,470.0,193.6400019749999,0.41200000420212746,0.0
NRS,1,1,8,8,569.699981689453,290.54698947313426,0.5099999979138374,0.0
Cashmere Selection,1,6,37,37,2591.729942321777,1299.2246214580146,0.5012962964397889,0.35714285714285715
Blue Juice,2,3,27,27,2816.5599975585938,1584.3214397614574,0.5625022868800076,0.4
Atlas,1,1,1,1,0.0,0.0,,1.0
Evanese,1,2,11,11,807.9399871826171,480.42841357790104,0.5946337861716835,0.5
Fellini Uomo,1,1,7,7,396.0,231.66000072285533,0.5850000018253922,
LNA,2,2,8,8,396.0,205.12800037313718,0.5180000009422656,0.3333333333333333
Borrelli,1,1,5,5,198.0,88.90199945122004,0.448999997228384,0.5
Robert Graham,5,28,190,190,25566.6300201416,12252.121823182106,0.4792231832482335,0.26229508196721313
Eileen Fisher,2,2,7,7,399.95999145507807,231.5768357617145,0.5790000017732381,0.4
Twelfth Street by Cynthia Vincent,4,4,25,25,5058.300003051758,2753.10870186841,0.5442754878531153,0.125
Halsey,1,1,9,9,630.0,360.3600003942847,0.5720000006258488,0.5
Tilley,3,5,26,26,1311.0,773.3550014980137,0.5898970263142744,0.15384615384615385
Wilt,2,4,16,16,1355.1999969482422,584.8480000972747,0.43155844260204146,0.16666666666666666
Wildfox Couture,3,3,15,15,1916.0,1059.1640012338758,0.5527995831074508,0.3
Minnie Rose,1,6,44,44,7733.269989013672,4374.872400463674,0.5657208925433703,0.16666666666666666
Twisted Heart,1,1,12,12,1120.0,605.9199991822244,0.5409999992698432,0.0
Ella Moss,7,9,57,57,6306.950002670288,3354.327898498451,0.5318462802270936,0.2222222222222222
Sympli,1,1,7,7,684.0,287.96400133520365,0.4210000019520521,0.0
Woodleigh,2,3,18,18,651.1000022888184,369.9686510398038,0.5682209334038539,0.2857142857142857
Prima Donna,1,1,5,5,374.4000091552734,191.31840535340308,0.5110000018030405,0.3333333333333333
Cooper Jones,1,1,8,8,875.0,454.12499946542084,0.5189999993890524,0.3333333333333333
Bill Blass,1,2,13,13,1489.8900604248047,904.1432494695275,0.6068523265479963,0.3333333333333333
Babakul,1,1,2,2,130.0,82.54999960772693,0.6349999969825149,0.0
Hillside USA Leather Inc.,1,5,35,35,5862.0,3361.8070063386112,0.5734914715691933,0.1
SPURR,1,1,6,6,810.0,416.3399988412857,0.5139999985694885,0.0
Stitch's,2,3,22,22,1414.2999725341797,711.0000852357239,0.5027222647552876,0.25
Pulse/Iceburg,2,2,11,11,1539.8900604248047,750.4864210832444,0.48736363742500555,0.0
Sky Brand,1,1,6,6,894.0,463.0920009724796,0.5180000010877848,0.0
Burk's Bay,1,1,5,5,599.8800048828125,338.33232206337556,0.5639999988488853,0.0
Persol,1,3,14,14,1993.4500122070312,1241.2840097092167,0.6226812822534434,0.0
Citizens of Humanity,2,4,20,20,3310.0,1657.381998617202,0.5007196370444719,0.0
KD dance,1,1,4,4,319.8999938964844,204.0961961917609,0.6380000002682209,
Zero Restriction,2,2,14,14,3244.970016479492,1964.1874816054585,0.6053021974410814,0.0
686,1,1,8,8,1119.9300384521484,668.5982319880136,0.5969999991357327,0.0
MontBell,1,5,35,35,5635.54997253418,3214.7745771995565,0.5704455807982028,0.23076923076923078
Bonfire,1,1,5,5,849.7499847412109,391.7347438647189,0.46100000105798256,0.0
Jessie G.,3,5,30,30,2134.7499675750732,1129.5032659704923,0.5291033063012663,0.0
Ungaro,1,1,6,6,719.9600219726562,403.17761402120595,0.5600000023841858,0.0
Lisa Curran,1,1,3,3,390.0,213.71999870985746,0.5479999966919422,0.0
AG Jeans,1,3,17,17,3134.0,1658.5379955843093,0.5292080394334108,0.0
Mantoni,1,3,21,21,3329.2499542236324,2054.22822506237,0.6170243307974776,0.25
Letarte,1,2,14,14,2914.0,1711.0059948947746,0.5871674656467998,0.0
Camilla and Marc,1,1,9,9,1610.0,928.9699970791116,0.5769999981857836,
Margaret O'Leary,1,1,4,4,948.0399780273439,548.9151454272087,0.5789999980479479,0.0
Mycra Pac,1,2,8,8,1793.0,1015.2050014212728,0.5662046856783451,0.0
Giovanni Navarre,1,2,13,13,3149.7699127197266,1694.8185032892268,0.5380769231571599,0.0
Craghoppers,1,1,8,8,1500.0,847.4999978207052,0.5649999985471368,0.2
Halston Heritage,3,5,37,37,9925.869873046875,5440.285549357497,0.5480915646627886,0.3333333333333333
Nau,1,1,7,7,1475.0,852.550002373755,0.5780000016093254,0.0
Regency New York,1,6,41,41,9698.600341796875,5873.551573666749,0.6056081668149805,0.42857142857142855
Hemp Hoodlamb,1,1,8,8,1231.800048828125,661.4766245136648,0.536999998614192,0.75
Alice & Trixie,1,6,43,43,2947.0,1592.713002559729,0.5404523252662806,0.3333333333333333
Evisu,1,1,3,3,698.3400268554688,337.2982336267743,0.48300000093877316,0.5
Andrew Marc,1,1,7,7,2395.0,1365.1499962527305,0.5699999984353781,0.5
The Harris Tweed Of Scotland,1,1,6,6,3600.0,2062.8000028431416,0.5730000007897615,0.0
Made in USA,1,1,8,8,2.9400000572204585,1.8757200372952223,0.638000000268221,0.0
H2W,2,10,56,56,639.2300171852112,373.0596508847071,0.5836078420213117,0.09090909090909091
Urban Boundaries Eyewear,2,4,23,23,59.209999799728394,34.09231996340707,0.5757865238763852,0.375
Eros,1,1,8,8,17.700000286102295,9.381000139765442,0.5299999993294477,0.2
TrendsBlue,3,57,340,340,2468.9199578762054,1406.3155479295742,0.569607590332456,0.29357798165137616
DG Eyewear,3,23,125,125,812.7299973964691,471.9672995222537,0.5807184440517418,0.275
Wholesale LOCS DG XLOOP CHOPPERS,1,1,7,7,27.930000066757202,15.780450075174866,0.5650000013411044,
Buxton,2,12,67,67,711.9399995803833,405.2772504568616,0.5692575929091379,0.2631578947368421
BH Medwear,3,4,29,29,305.96999645233154,166.86629814661737,0.5453681736163769,0.5714285714285714
Marshal,2,12,79,79,768.9499940872192,450.3747778836675,0.5857009966145901,0.4166666666666667
Collection XIIX,2,9,63,63,1129.5799984931946,604.7451296807927,0.5353716695475254,0.375
TopHeadwear,1,2,10,10,24.200000762939453,14.399000492714347,0.5950000016018748,0.5
Medi,1,1,6,6,29.339999198913574,12.352139610715806,0.42099999822676176,0.0
Activewear Apparel,5,37,206,206,5194.220173835754,2751.5266883560225,0.5297285437024735,0.30434782608695654
Bajer,1,1,6,6,19.959999084472656,10.179599528619647,0.5099999997764826,1.0
Rooster,1,1,9,9,37.02999973297119,23.773259862778485,0.642000000923872,0.3333333333333333
Ivory Falcon,1,2,11,11,58.76999855041504,35.72416924427628,0.6078640484163156,0.0
106Shades,2,6,30,30,144.07999515533447,88.39341719476126,0.6135023609590158,0.5384615384615384
MG,2,13,80,80,795.4399900436401,469.8927949439508,0.5907331801587837,0.27586206896551724
Private Island,2,11,70,70,428.949990272522,239.7906350450024,0.5590176954955933,0.45454545454545453
Morris Costumes,1,9,51,51,615.3199920654297,280.3367572762051,0.45559507393089166,0.25
Ties.com,1,1,8,8,35.69999885559082,22.705199270027876,0.6359999999403954,0.5
District,2,5,33,33,530.5700187683105,293.41914990002215,0.553026253879137,0.3076923076923077
Alki'i,13,48,269,269,3353.2599601745605,1833.1757690402073,0.546684656367882,0.3269230769230769
Tabi Socks,1,1,4,4,23.959999084472656,13.681159532930849,0.5710000023245811,0.0
Bunheads,1,1,8,8,36.0,17.424000039696693,0.48400000110268593,0.0
JMS,3,3,15,15,77.85000085830688,41.02656046380713,0.5269949905135992,0.42857142857142855
Micros,2,2,19,19,246.96000480651855,112.3752021987319,0.45503401365242335,0.6
Port & Company,5,12,90,90,1604.1399946212769,786.2156769318182,0.49011662296808245,0.29411764705882354
Gilbin,2,3,13,13,231.9099998474121,122.16228012262404,0.5267659014402231,0.0
MyEyeglassCase,2,8,48,48,272.5799922943115,154.43681578831652,0.5665742906822273,0.23529411764705882
Bargain Headbands,1,1,12,12,55.91999816894531,31.371119011108874,0.5610000006854534,0.3333333333333333
Solutions That Stick,1,5,29,29,188.34999752044678,90.419048921902,0.48005866797044344,0.25
Indera,3,9,52,52,489.97000312805176,246.4984413045005,0.5030888416246149,0.22727272727272727
Creative Artistry,1,1,5,5,31.479999542236328,15.047439814259707,0.47800000105053186,0.0
Jacob Alexander,1,1,9,9,47.69999885559081,29.19239937567561,0.6120000015944241,0.25
Safe-T-Gard,1,2,6,6,47.69999885559081,29.36729919283539,0.6156666645159324,0.0
LnLClothing,2,6,23,23,127.83999633789061,69.4330980812624,0.5431250005494803,0.2
Sassy,1,3,20,20,227.850004196167,132.77020192332114,0.5827087973586909,0.4
Bundle Monster,3,7,54,54,427.6699924468994,236.8889862933328,0.5539060267894422,0.2962962962962963
MJ Soffe,3,23,132,132,2129.7999954223633,1204.1344237412811,0.5653744137146022,0.2391304347826087
Stance,1,17,115,115,1120.979998588562,471.4280681398121,0.4205499373168052,0.225
G & S,2,5,34,34,245.06999397277832,134.27003694163406,0.5478844421751135,0.375
Worlds Softest Sock,1,1,11,11,83.90000343322755,53.779902420735375,0.6410000026226044,0.0
July Women,1,1,5,5,26.84999942779541,16.78124969238415,0.625000001862645,
Wanted,2,2,11,11,262.7300090789795,161.7548459884262,0.6156694720769448,0.25
Elements of Style,2,3,13,13,80.90999794006348,49.67873875676676,0.6140000002665652,0.3333333333333333
LOCOMO Leggings,2,9,46,46,443.62999153137207,233.69156553555302,0.526771340974649,0.16666666666666666
Crazy Granny,1,1,5,5,27.0,12.446999978274107,0.4609999991953373,0.5
SockGuy,2,17,126,126,1260.4800062179565,542.0418207114216,0.4300280988492682,0.3111111111111111
Baskit,1,6,40,40,467.7200012207031,249.71968055384576,0.5339084920510176,0.2857142857142857
Malco Modes,1,1,6,6,28.5,16.729500034824014,0.5870000012218952,0.0
Williamson,1,1,7,7,68.95000267028809,28.890051230841134,0.41900000162422657,0.0
Online-Welcome,1,1,6,6,49.45000171661377,24.032700812905283,0.4859999995678664,
ALL BLACK,1,1,7,7,39.59999847412109,21.859199200201026,0.5520000010728835,0.0
e.g. smith,1,1,5,5,49.85000133514404,29.012700889962915,0.5820000022649765,0.0
Sunny Belt,1,2,7,7,69.79000186920166,40.38847117900636,0.5787142871080764,
Fox River Socks,5,8,47,47,585.8499879837036,317.9807540324907,0.5427682180670044,0.2777777777777778
Socksmith,2,8,43,43,373.70999336242676,211.74038627412975,0.5665901100717484,0.5
Heritage,1,1,3,3,19.979999542236328,11.388599707813562,0.5699999984353781,0.0
Chemisettes by Anne,1,2,18,18,145.0,65.90000011026859,0.4544827593811627,0.125
Pettipant,1,10,55,55,512.0,230.33200042834505,0.44986718833661143,0.2857142857142857
Disney,4,17,90,90,1353.4499988555908,550.4754980506616,0.40672023238103805,0.26666666666666666
Serenada,1,2,8,8,74.98999977111816,33.10024991128035,0.44139551956671247,0.0
Isadora Pacini,1,4,28,28,254.78999519348145,98.4741076885884,0.3864912655373674,0.45454545454545453
Kleinert's,2,5,31,31,475.3299961090088,247.3912279256437,0.5204620578350977,0.2857142857142857
Seirus Innovation,1,9,76,76,1184.8500061035156,703.3936555082013,0.593656287196532,0.4230769230769231
PURE STYLE Girlfriends,1,8,43,43,1051.909999847412,505.51995029634895,0.4805733859072341,0.3076923076923077
Flexfit,1,6,31,31,350.3500061035156,207.33535409382318,0.5917949207415261,0.2222222222222222
Eel Skin,1,1,4,4,34.19999885559081,21.13559931721687,0.6180000007152557,0.0
MK underwear,1,1,4,4,46.0,25.668000008910894,0.5580000001937151,0.0
Rolf's,1,2,10,10,119.46999740600586,71.2781885999976,0.5966199895172543,0.0
Balega,1,1,7,7,47.79999923706055,26.33779953403473,0.5509999990463257,1.0
Central Park,3,3,17,17,186.63999843597412,84.28630917956363,0.4515983170053316,0.16666666666666666
Lov to Sleep,1,2,17,17,127.89999771118164,50.06491886293042,0.3914379965509061,0.5
Olive Branch Legwear,1,1,6,6,59.94999885559082,35.61029940642677,0.594000001437962,0.0
Comfort Choice,3,28,146,146,2414.9399757385254,1176.116349888001,0.4870168044356161,0.36666666666666664
HUF,1,8,67,67,636.0,241.17099912650883,0.3791996841611774,0.3076923076923077
Givenchy,1,1,9,9,72.0,40.32000017166138,0.5600000023841858,0.4
Hello Kitty,4,35,206,206,4301.019998550415,1746.3877431829824,0.40604036804562,0.22058823529411764
Game Gear,1,5,33,33,353.5,199.29899949021637,0.5637878344843462,0.1875
Jenni,3,4,23,23,265.4599914550781,131.1057557964155,0.49388141345812403,0.3333333333333333
Dapper World,1,7,32,32,341.11999130249023,136.41664615101965,0.39990809577047437,0.25
DandY,1,1,10,10,116.54999828338623,70.8623991742585,0.6080000018700958,0.3333333333333333
OPSALES,1,1,2,2,25.899999618530273,16.62779977902472,0.642000000923872,
PLATINUM INTIMATES,1,5,30,30,331.74999237060547,153.85628660816235,0.46377178642489914,0.5
Christopher Kelenc,1,1,5,5,25.979999542236328,14.96447976962149,0.5760000012814999,
Sansha,1,1,5,5,51.959999084472656,32.89067948860645,0.6330000013113022,0.0
True Rock,1,1,5,5,38.96999931335449,15.510059664943311,0.3979999984148889,0.0
Wembley,1,1,7,7,51.959999084472656,32.11127947136879,0.6180000007152557,0.6666666666666666
New Balance,5,16,96,96,1661.8599948883057,891.8828747738218,0.5366775044330768,0.2727272727272727
NOLLIA,1,2,13,13,116.90999794006348,46.97183888704688,0.4017777753372987,1.0
X-Socks,1,2,11,11,122.649995803833,49.8130981343031,0.4061402351287024,0.3333333333333333
Fun Boxers,2,25,160,161,2171.4099922180176,1268.9238888945708,0.5843778436325654,0.2698412698412698
East Coast,1,1,6,6,54.0,33.53399996459484,0.6209999993443489,0.3333333333333333
Tyte,1,1,5,5,54.84000015258789,28.791000100538135,0.525000000372529,0.0
Garfield,1,1,7,7,69.74999904632568,44.779499452181156,0.642000000923872,0.5
Wheel House Designs,1,4,29,29,307.7799949645996,184.9617874546787,0.600954547016458,0.3333333333333333
Anemone,1,6,37,37,444.7699947357178,201.72391796128792,0.4535465979020285,0.38461538461538464
MTC,3,4,21,21,219.84999656677246,106.42779852802195,0.4840927914033325,0.5
Sheer Delights,1,1,6,6,55.959999084472656,36.31803941749692,0.6490000002086163,0.3333333333333333
NuBra,1,11,63,63,1667.2500343322754,780.2655771543463,0.4679955382138219,0.391304347826087
Vip boutique,1,1,6,6,83.93999862670898,41.96999931335449,0.5,
Scarfand,2,6,37,37,470.0,272.7450007945299,0.5803085123287871,0.125
Baby Banz,1,1,5,5,43.02000045776368,27.36072028857351,0.6359999999403955,1.0
ACORN,1,1,8,8,100.7999973297119,63.60479841418265,0.6310000009834766,0.25
IBIP,2,2,10,10,96.0,43.557959864930204,0.453728748593023,0.6666666666666666
Ultra Flirt,1,3,17,17,190.9699945449829,96.30763727438513,0.5043076924406567,0.3333333333333333
BANDOLINO,1,3,20,20,314.2999963760376,156.62919819521272,0.49834298441358243,0.14285714285714285
Sexy You Can Do,1,3,14,14,173.45000076293945,84.87060035364479,0.48930873439222744,0.6
Evolatree,2,4,28,28,339.8099956512451,170.69480774597312,0.5023242692400407,0.6363636363636364
The Saress,1,2,16,16,224.84999656677246,134.59520764198243,0.598599998652935,0.0
Quirinos,1,1,7,7,89.93999862670898,56.30243932258844,0.6260000020265579,0.2
Kirkland Signature,3,4,32,32,543.6999931335449,265.18712680697524,0.4877453193968302,0.25
Hannah,1,1,5,5,74.94999885559082,33.65254955763817,0.4490000009536743,0.0
Vigaro,1,1,7,7,89.93999862670898,49.19717910406709,0.5469999983906746,0.3333333333333333
House Brand,2,2,8,8,125.91999816894531,67.45699891529233,0.5357131503828813,0.0
B. B. Jeans Fashion,1,1,4,4,60.0,25.979999899864197,0.43299999833106995,0.0
Insta Slim,1,3,22,22,420.0,207.08999924361706,0.4930714267705168,0.45454545454545453
Grane,2,3,22,22,249.8400001525879,129.03253994791118,0.5164606943207875,0.3333333333333333
Body Touch,1,1,11,11,111.2999973297119,49.30589881374537,0.4429999999701977,1.0
Jaxon,2,5,43,43,869.3600025177002,485.00482277051765,0.5578872059514182,0.15789473684210525
Port Company,2,2,14,14,175.8899974822998,83.17997868355036,0.47290909019383515,0.2
Aetrex,2,2,13,13,213.95999908447266,98.10719938388765,0.45853056554348903,0.3333333333333333
Changes,1,1,4,4,47.96999931335449,23.409359749264418,0.488000001758337,
VIP FASHION,1,1,9,9,111.92999839782715,66.15062884629786,0.590999998152256,0.25
Sports Katz,2,2,11,11,127.91999816894531,65.94275900879481,0.515499999630265,0.25
FITS Sock Company,2,4,27,27,412.7699947357178,189.35371719865807,0.4587390547122851,0.3333333333333333
Popsi Lingerie,1,13,76,76,1359.5300159454346,611.5570789003178,0.44982977332430074,0.37037037037037035
Swiftwick,1,2,14,14,241.62000274658203,102.13416083295286,0.4227057349224273,0.0
Sabree,1,1,6,6,48.0,24.144000001251698,0.503000000026077,0.3333333333333333
Mundo Unico,2,13,103,103,2003.0,1056.1069982472109,0.5272626052157817,0.13793103448275862
Tabbisocks,1,1,5,5,64.0,38.91200011968613,0.6080000018700957,0.0
Wickers,1,3,21,21,300.0,154.4999998519197,0.5149999995063991,0.2
Secret Lace,1,2,10,10,188.5,92.63550024013966,0.4914350145365499,0.0
Rewash,1,2,11,11,120.53999710083008,61.88405853393167,0.5133902440877487,0.2
aler,1,2,13,13,217.5499973297119,92.26454845967217,0.4241073297732058,0.4
JiMarti,2,12,83,83,1799.800048828125,1059.539329718539,0.5886983559137138,0.20833333333333334
Fame Fabrics,1,2,15,15,169.89999771118164,99.22159910384715,0.5840000025928022,0.2
FreshGear AFX,2,2,9,9,118.92999839782715,67.55223895983606,0.567999998905829,0.0
Frost Hats,2,2,6,6,67.95999908447266,32.58681958581537,0.47950000036507845,0.3333333333333333
LOCOMO Dresses,1,1,6,6,84.94999885559082,44.004099341371656,0.5179999992251396,0.0
Dickies Girl,4,13,65,65,1095.1899967193604,524.709439187476,0.47910357176311164,0.23076923076923078
Amazing Apparel,2,5,32,32,719.900016784668,346.2822579694168,0.48101437685199355,0.08333333333333333
Kikit,1,1,5,5,89.94999885559082,50.10214944901727,0.5570000009611249,0.0
Gemsli,1,6,32,32,588.0,270.68000027537346,0.46034013652274397,0.0
White Orchid,1,9,41,41,615.6000061035156,247.08640163008346,0.4013749174468573,0.42857142857142855
Buckle Down,1,4,22,22,394.6999931335449,248.12291622307333,0.6286367381291595,0.5
Fennco,2,6,32,32,452.7799949645996,274.8783673790741,0.6070903538937611,0.25
Ouray Sportswear,1,1,9,9,132.92999839782715,55.56473902920842,0.41799999773502344,0.3333333333333333
LLange Maternity,1,1,4,4,75.95999908447266,41.094359449237,0.5409999992698432,0.0
Funny Apparel,1,3,18,18,369.84999656677246,212.66294826077228,0.5749978375959732,0.16666666666666666
Stormtech,1,1,5,5,57.84000205993652,31.117921037571428,0.5379999987781048,0.0
Ms Maggie,1,1,2,2,19.489999771118164,7.971409869793952,0.4089999981224537,0.0
Romance,1,3,20,20,249.23999404907227,117.6558973170988,0.47205865882798015,0.5714285714285714
Purpletopia,1,1,4,4,79.4000015258789,28.981000426799056,0.36499999836087227,0.0
National,4,15,100,100,2164.900062561035,984.9878285079585,0.4549807381606044,0.2
Footprint,1,1,8,8,139.65000534057617,62.56320224274992,0.44799999892711634,0.3333333333333333
Sgt Frog,1,1,1,1,19.950000762939453,8.79795036415891,0.44100000138860196,
Call Of Duty,1,2,12,12,179.90999794006348,78.02096932873943,0.4336666679009796,1.0
Westmoor Mfg P/s,1,1,6,6,79.95999908447266,33.90303965828478,0.4240000005811453,0.0
Cleverbrand,1,2,10,10,139.92999839782715,69.90502907806754,0.49957142770290375,0.6666666666666666
alight,5,6,34,34,617.8399963378906,326.0089184424038,0.5276591356576934,0.2777777777777778
Soft-Fit,1,1,8,8,99.94999885559082,34.98249937605113,0.3499999977648258,1.0
Body Trends,1,1,7,7,99.94999885559082,42.2788495576173,0.42300000041723246,0.5
Florida Hat Company,1,1,7,7,119.93999862670898,72.92351938933834,0.6080000018700957,0.25
Plejue,1,1,7,7,99.94999885559082,49.5751995530121,0.496000001206994,0.5
Kerusso,2,2,10,10,219.76000213623047,112.42016095740735,0.5115587907926823,0.4
MW22,1,1,8,8,139.92999839782715,75.00247918502285,0.5360000003129243,0.3333333333333333
Alexander Julian,1,1,4,4,79.95999908447266,45.417279477597475,0.5679999999701977,
King Fromal Wear,1,1,4,4,79.95999908447266,50.3747994887501,0.6300000008195639,
Choye Toi,1,1,7,7,100.0,42.49999988824129,0.4249999988824129,0.5
Solmate,2,2,15,15,240.0,137.16000024229288,0.5715000010095537,0.0
Solmate Socks,2,2,10,10,160.0,86.96000011637807,0.5435000007273629,0.3333333333333333
Artex,2,3,12,12,244.9199981689453,135.7745788456444,0.5543629750968208,0.4
Flint and Tinder USA,1,1,9,9,175.60000610351562,100.97000370576978,0.5750000011175871,0.0
Blue Star Inc,1,4,23,23,425.53000259399414,184.23851180179767,0.4329624484259526,0.2857142857142857
Celeste,1,1,4,4,43.900001525878906,20.062300714989007,0.45700000040233135,1.0
indigo,1,1,5,5,65.96999931335449,41.759009651860005,0.6330000013113023,0.0
Rojas,1,1,9,9,175.9199981689453,80.39543923398615,0.4570000004023314,0.25
Tea Collection,1,2,5,5,72.0,30.383999883197248,0.42199999837773955,
Pikante,1,1,6,6,132.0,70.88399994000793,0.5369999995455146,0.0
Slim Me,1,3,13,13,258.7999954223633,126.75879796425698,0.48979443665517,0.0
Rimann & Associates,1,2,13,13,265.5399971008301,128.518098431626,0.4839877225080539,0.5
Peter Grimm,1,1,6,6,68.85000228881836,43.788601451584704,0.6359999999403955,0.5
Konflict,1,1,5,5,68.96999931335449,33.38147974371582,0.48400000110268593,0.5
Omni-Wool,1,2,13,13,275.87999725341797,117.24899826744942,0.4249999979510903,0.0
Serenity,1,1,4,4,68.96999931335449,27.656969761653542,0.4010000005364418,0.0
ClosetOnline,2,3,19,19,367.8399963378906,214.51968827659584,0.5831875011208467,0.3333333333333333
Canvas,2,5,39,39,887.6700038909912,421.6011025965191,0.4749525169809536,0.1111111111111111
Black Web,1,1,3,3,68.96999931335449,31.105469642212114,0.4509999993024393,0.0
Dakota,2,3,15,15,207.0,117.53000024333596,0.5677777789533138,0.5714285714285714
La Leche League International Intimates,1,1,8,8,161.0,87.74499983806163,0.5449999989941716,0.2
SY,1,3,14,14,237.0,108.60600019153208,0.45825316536511423,0.3333333333333333
Cantaloop,1,1,3,3,47.1599998474121,28.437479913611405,0.6030000001192092,
Classroom Uniforms,2,2,19,19,308.97000312805176,160.40556144130284,0.5191622481708141,0.5
J.America,1,1,4,4,70.8899974822998,40.47818859513983,0.571000000461936,0.0
Rainbow,1,2,17,17,318.7499942779541,122.40815733406708,0.3840255985301308,0.5
Swim Station,1,1,9,9,191.9199981689453,105.5559987784326,0.5499999988824128,0.0
Medline,1,1,4,4,71.96999931335449,28.212239596244174,0.39199999812990427,
Blancq-Olibet,1,1,5,5,48.0,29.7600000500679,0.6200000010430813,1.0
MeMoi,1,1,7,7,96.68000030517578,42.44252006770253,0.4389999993145466,0.3333333333333333
Crystal Tees,1,1,8,8,98.0,51.841999918222434,0.5289999991655351,0.5
VANCL,2,6,42,42,1079.2999877929688,545.0794936422371,0.5050305751942566,0.14285714285714285
Black Hearts Brigade,1,1,5,5,99.59999847412111,50.79599919953944,0.5099999997764827,
Clever Travel Companion,1,1,6,6,74.69999885559083,36.08009951737673,0.4830000009387732,1.0
San Diego Hat Company,2,2,11,11,149.70000457763672,85.62840280504376,0.5720000012467304,0.5
Saxx,1,10,78,78,1752.1100273132324,932.0245433644114,0.5319440724813507,0.3225806451612903
Winn,1,1,8,8,124.75000381469727,71.48175228434428,0.5730000007897614,0.5
I-Pink,1,2,19,19,274.8899974822998,135.02096887804447,0.49118181859905063,0.5714285714285714
Mainstream,1,1,9,9,174.92999839782715,98.48558862356452,0.5629999972879886,0.3333333333333333
Wear Leg Warmers,2,2,14,14,174.92999839782715,97.23608957061344,0.5558571454935841,0.5
MARINO BAY,1,2,16,16,324.86999702453613,158.086738979772,0.48661538593184506,1.0
FASHION BOUTIQUE,1,1,6,6,124.94999885559082,61.100549215094006,0.48899999819695955,0.0
Gotcha,1,7,53,53,975.0,389.9499982595444,0.39994871616363525,0.3076923076923077
Ocean Avenue,1,6,36,36,663.8499965667725,368.3180765291006,0.5548212373788177,0.3333333333333333
Heavenly Shapewear,1,10,63,63,1283.8000106811523,589.6572055037647,0.45930612291466427,0.1111111111111111
HeatMax,1,1,6,6,100.0,63.00000008195639,0.6300000008195639,0.0
Hawke & Co,1,2,12,12,225.0,137.32499983161688,0.6103333325849639,0.25
Palmer,1,1,8,8,150.0,63.45000006258488,0.4230000004172325,0.4
Moon Dance,1,1,2,2,50.0,19.099999964237217,0.3819999992847443,
Storm Creek,1,1,5,5,101.91999816894531,53.91567894632339,0.5289999991655349,0.0
John Ashford,2,3,19,19,549.0399780273438,276.64350880088983,0.5038676961099401,0.16666666666666666
Talitnia,1,1,10,10,207.19999694824222,118.93279844589235,0.5740000009536743,0.25
Swim Stat,1,1,4,4,77.96999931335449,45.92432942593665,0.5889999978244306,0.5
ESPN,1,1,6,6,78.0,48.51600010693073,0.6220000013709068,1.0
Natashas Cafe,1,1,7,7,182.0,116.662000477314,0.6410000026226044,0.0
Weber's Leather,1,3,15,15,325.31999588012695,144.16007820367545,0.44313316128528163,0.0
Breast is Best,1,2,14,14,262.8900032043457,144.46827138119704,0.549538855111585,0.5
Drymax Socks,2,11,86,86,1942.3500480651855,852.2663184489242,0.43878101133103375,0.18181818181818182
Chica Rica,1,1,2,2,53.97999954223633,28.879299562048914,0.5349999964237213,
Ocean Current,2,3,29,29,686.0,305.7869991995394,0.44575364314801663,0.09090909090909091
PinkClubwear,3,3,18,18,527.1000137329102,269.9742066396355,0.5121878194001256,0.0
Unlead,1,1,13,13,223.83999633789062,104.08559826376438,0.4649999998509884,0.3333333333333333
Harry Potter,1,1,5,5,55.97999954223633,23.56757991655737,0.4210000019520521,1.0
Blue Crown,1,1,8,8,223.9199981689453,103.45103942765954,0.46200000122189533,0.0
Baby'O Clothing Co.,1,3,23,23,553.830005645752,340.87962431315066,0.6154950451189324,0.2727272727272727
Zonal,1,1,4,4,85.5,32.746499793604016,0.3829999975860119,0.0
Special Blend,1,2,16,16,211.7099952697754,97.90616779108151,0.4624541588899606,0.6666666666666666
The Posh Contessa,1,1,10,10,260.9099979400635,132.28136925497753,0.5070000011473893,0.0
Libian,1,1,6,6,145.0,93.95999973639846,0.6479999981820583,0.0
Sosi B.,1,1,4,4,58.0,37.120000034570694,0.6400000005960464,0.5
Gracia,1,1,4,4,116.0,71.91999968886375,0.619999997317791,
Sophie b.,1,1,3,3,89.37000274658203,45.66807156464115,0.5110000018030405,0.0
RYBA GENERAL MERCHANDISE,1,2,12,12,297.3600025177002,170.53956084427477,0.5735121045209283,0.5
Concitor,1,13,91,91,1826.9500465393066,988.7393740094959,0.5411967206670001,0.5555555555555556
Spring & Mercer,1,1,5,5,59.900001525878906,34.98160104642213,0.584000002592802,1.0
Happy Family Clothing,1,1,3,3,59.900001525878906,29.77030072890669,0.4969999995082617,0.0
Solid Color,1,1,7,7,149.75000381469727,92.99475254967436,0.6210000012069941,0.5
Dimrs,1,1,3,3,29.950000762939453,13.088150358843059,0.4370000008493662,1.0
KISSABLE,1,1,8,8,179.70000457763672,79.78680205657034,0.4440000001341104,0.5
Out of Print Clothing,1,1,6,6,179.70000457763672,77.6304021502532,0.43200000096112484,
You! Lingerie,1,3,14,14,314.90000343322754,178.6082615434795,0.5671904083715014,0.5
Bauer,1,2,10,10,209.94000434875488,96.57237189095758,0.45999985658059905,0.6666666666666666
Easy Expression,1,1,6,6,119.95999908447266,70.41651938572109,0.5869999993592501,0.3333333333333333
I5,1,1,7,7,149.94999885559082,88.32054899971635,0.5889999978244305,0.25
TLB,1,2,4,4,65.98000144958496,37.248680884688795,0.5645450146458447,
Seven Til Midnight,1,1,6,6,149.94999885559082,73.77539951962456,0.49200000055134296,0.0
Chicastic,1,2,8,8,119.95999908447266,57.34087968839973,0.47800000105053186,0.3333333333333333
1vemoon,1,3,20,20,549.8400192260742,308.25526049846405,0.5606271819434822,0.16666666666666666
Avital,1,1,1,1,0.0,0.0,,1.0
Aerin Rose,1,1,9,9,210.0,127.67999980598688,0.607999999076128,0.2857142857142857
Beach Joy,1,19,101,101,2620.290111541748,1551.4983820535915,0.5921093909485877,0.2972972972972973
Irall Erotic,1,1,6,6,95.52000045776366,44.89440027920007,0.47000000067055225,1.0
5.11,1,1,7,7,95.6399974822998,36.438838956672555,0.38099999912083155,0.6666666666666666
LA LECHE LEAGUE,1,1,6,6,160.0,88.63999977707863,0.5539999986067414,0.0
Elita,1,1,5,5,96.0,48.96000015735626,0.5100000016391277,0.0
MV Sport,1,1,9,9,263.20001220703125,136.6008061746478,0.5189999993890524,0.0
Elan USA,1,1,7,7,197.70000457763672,100.2339025477007,0.5070000011473893,0.5
Caribbean Sand,1,1,10,10,263.9200134277344,154.65712741049109,0.5859999982640147,0.0
J.B. Icelandic (Extreme Cold Activity),2,2,18,18,462.0,215.35799912642688,0.4661428552520062,0.375
M-052BK,1,1,3,3,99.0,55.44000023603439,0.5600000023841858,0.0
Matrix,1,1,10,10,271.9200134277344,108.76800496590135,0.3999999985098839,0.0
Case IH,1,1,7,7,203.94001007080078,91.16118434438266,0.44699999922886496,0.5
Leo's,1,1,5,5,135.9600067138672,74.91396380709668,0.5510000007925555,1.0
Retro Fit,1,1,8,8,171.55000686645508,92.80855390903056,0.5410000011324883,0.16666666666666666
Rock Rebel,1,1,9,9,275.3599853515625,143.187192259717,0.5199999995529652,0.5
Beardski,1,1,4,4,104.85000228881836,61.337251530351125,0.5850000018253922,0.0
RU Sleeping,1,1,7,7,174.95000839233398,104.27020522928817,0.5960000013001263,0.5
Lanz,1,1,9,9,279.9200134277344,111.12824490639774,0.39699999848380685,0.25
Knightsbridge of Canada,1,3,26,26,739.2500114440918,384.53720448836236,0.5201720643022868,0.3333333333333333
Spacific Essentials,1,1,7,7,180.0,69.2999997921288,0.38499999884516,1.0
Palmland,1,1,12,12,360.0,155.88000040501356,0.43300000112503767,0.2857142857142857
Snug Camisoles,1,2,8,8,228.0,98.0160003527999,0.4298947383894733,0.2
Pistol Pete Underwear,1,1,3,3,72.0,29.951999947428703,0.4159999992698431,1.0
Saltaire,1,3,16,16,507.6599922180176,240.07225585941018,0.47289969574027363,0.42857142857142855
Dolphin Shirt Co,1,1,3,3,110.85000228881833,57.309451079256064,0.5169999990612267,0.0
Agan Traders,1,1,6,6,184.95000839233398,109.30545530712159,0.5910000018775463,0.5
Ride,1,1,7,7,261.52000427246094,114.54576164921164,0.4379999991506338,0.0
Old Shanghai,1,2,12,12,231.7000045776367,91.82510147398108,0.39631031359437396,0.25
Colorado Clothing,1,1,7,7,189.75000381469724,109.48575176847349,0.5769999977201222,0.3333333333333333
Carriwell,1,1,8,8,190.0,105.25999973528087,0.5539999986067414,0.5
Cosi,1,2,9,9,268.0,131.68600047379732,0.4913656734096915,0.25
Leather Gloves Online,1,1,5,5,155.80000305175778,93.16840204231103,0.5980000013951211,0.0
Brand Q Vest,1,1,6,6,239.40000915527344,139.33080587060454,0.5820000022649765,0.0
College Classics,1,1,8,8,279.6500053405761,135.6302519026063,0.48499999754130835,
Escargot Sportswear,1,1,7,7,239.7000045776367,129.6777023014828,0.540999999269843,0.0
Thug or Angel,1,2,13,13,479.4000091552734,252.00460444829753,0.5256666659067073,0.0
Trump,1,2,18,18,559.8600234985352,256.1759517748183,0.4575714303978851,0.25
Good Life Shirts,1,1,10,10,359.9100151062012,217.38564855565932,0.6039999984204769,0.0
Artist Merch,1,1,8,8,319.9200134277344,145.5636058355063,0.45499999914318323,0.0
COPEN SPORTSWEAR,1,1,6,6,199.95000839233398,100.57485431966705,0.5030000004917382,0.5
Hip Hop 50s Shop,1,1,5,5,119.97000503540039,52.66683235176847,0.43900000117719173,1.0
HZF,1,1,2,2,79.9800033569336,39.030241629841036,0.487999999895692,
Blue Platypus,1,1,3,3,80.0,44.960000067949295,0.5620000008493662,0.5
Meister,1,1,8,8,251.58000183105466,130.06686117908296,0.517000000923872,0.5
Majestic International,2,65,465,465,22921.599950790405,13211.799100330243,0.5763907898529859,0.2865853658536585
DreamSacks,3,8,46,46,2566.0,1248.0749995121732,0.4863893217116809,0.2857142857142857
Wool Overs,2,32,211,211,6814.0,3530.1040037460625,0.5180663345679575,0.2236842105263158
Rampage,7,23,130,130,2539.240001678467,1282.9283433197493,0.5052410731052279,0.2682926829268293
JAG,1,11,59,60,2660.0,1561.1979953530245,0.5869165396064002,0.3333333333333333
Canyon Ridge,7,21,152,152,4350.440053939819,2225.892886556654,0.5116477549301833,0.2542372881355932
Geoffrey Beene,8,68,457,457,11294.510126113892,5897.765769875136,0.5221798647326004,0.294478527607362
Haggar,6,119,813,814,32076.69033241272,17742.820210291102,0.5531374972424262,0.30033003300330036
Natori,4,41,248,248,18419.00001144409,7552.741083427144,0.41005163574213993,0.3108108108108108
Subculture,2,3,21,21,486.9099979400635,250.5002590320313,0.5144693271688925,0.5
Blue Sky Swimwear,1,10,59,59,2178.0,1237.2589955581352,0.5680711641681062,0.2
Original Penguin,11,62,412,414,24387.740056991577,12251.110687841307,0.5023471079817873,0.27388535031847133
Merry Modes,1,9,62,62,3549.7400131225586,1641.7432475763487,0.46249675793359735,0.21739130434782608
Oakley,12,129,833,835,70259.49998855591,38672.37851384357,0.5504220570903956,0.27124183006535946
Fox,9,138,897,901,35176.42010688782,17064.009923385696,0.4850979682279957,0.29449838187702265
Champion,9,178,1125,1127,31518.449779510498,17396.812722587405,0.5519564840367472,0.3134715025906736
DC,13,144,946,951,34066.840045928955,16802.719233769,0.49322799564372727,0.3069908814589666
BODYSLIMMERS Nancy Ganz,1,1,7,7,252.0,112.14000007510185,0.4450000002980232,0.0
Duofold,5,77,495,495,11284.209966659546,6214.72418733716,0.5507451745137014,0.2781065088757396
UjENA,2,11,56,56,4053.0499954223633,2274.4685924797222,0.5611745710140698,0.4117647058823529
John Deere,4,13,90,90,2416.560028076172,1204.6198921655673,0.49848539997765645,0.2777777777777778
Alex Stevens,2,16,113,113,2648.180015563965,1318.983286686303,0.4980716110439373,0.2972972972972973
District Made,1,2,9,9,252.12001037597656,124.21496481531202,0.4926818963321284,0.4
Lilly Pulitzer,8,18,101,101,8325.480014801025,4595.748692259711,0.5520100563678486,0.3225806451612903
Alfani,4,10,63,63,3322.440023422241,1952.466640965345,0.5876604625519257,0.3
Three Dots,8,24,121,121,5436.729975700378,2636.6350336273485,0.48496707495348584,0.29545454545454547
Hot Topic,11,99,636,637,17634.24996471405,8473.177512375296,0.48049548630250993,0.27074235807860264
Spa & Resort,1,29,190,190,7198.099956512451,4021.357028435824,0.5586692394841666,0.3835616438356164
BellyBra,1,1,5,5,171.80000305175778,102.73640138462778,0.5979999974370002,0.0
Nomis,2,7,37,38,1597.4099693298338,776.6126960687765,0.486169931939633,0.2
Laura,2,63,331,331,7973.420183181763,3775.65571162616,0.47353025739068716,0.2711864406779661
Xtreme Couture,2,9,60,60,2194.4900131225586,1015.4033668170565,0.4627058499902811,0.36666666666666664
Ed Garments,8,73,489,489,17725.28051185608,9427.638091148008,0.5318752549412153,0.2857142857142857
Island Soul,1,1,10,10,214.95000839233398,116.71785407018064,0.5429999977350235,0.6666666666666666
Medela,2,13,74,74,2091.6600189208984,1135.1790072620101,0.5427167880981235,0.28
Gildan,3,28,172,172,2939.0600266456604,1438.7041653824897,0.4895116643889979,0.3088235294117647
Pacman,1,1,6,6,257.9400100708008,114.52536426580265,0.4439999992027879,0.0
Alfred Dunner,10,51,291,291,7471.5100383758545,3910.0792939764433,0.5233318665026394,0.27884615384615385
Hanro,5,60,390,391,27117.270050048828,14740.6338297591,0.5435884144146198,0.2937062937062937
Neon Buddha,8,19,111,111,6469.759994506836,3283.294846192747,0.5074832526987765,0.2894736842105263
Gordini,1,1,7,7,258.6600036621094,162.43848290878952,0.6280000023543835,0.0
Ralph Lauren,15,118,742,745,49407.17993354797,26230.442852785418,0.5309034615629759,0.27238805970149255
2XU,4,18,127,127,7993.740074157715,4309.755720694148,0.539141338186213,0.20930232558139536
Ibex,9,29,182,182,14730.799995422363,7936.734736320906,0.5387850448575277,0.30357142857142855
Rafaella,5,14,88,88,2913.6000423431396,1501.9680519011695,0.5155024814913426,0.18518518518518517
Aviator,2,3,17,17,292.7100067138672,162.9931839661558,0.5568418579057549,0.2
Bali,2,89,509,511,14660.270107269287,6877.422375644708,0.46911975873040307,0.24210526315789474
Tommy Bahama,11,77,546,549,27261.690099716187,14343.461542137511,0.5261398500853341,0.24742268041237114
Adriana,2,13,72,72,2008.75004196167,898.4727187783153,0.44727950218281043,0.3181818181818182
Level 99,3,14,84,84,5110.999996185303,2356.0838909026643,0.46098295688929264,0.25806451612903225
Ian Leino Design,2,3,26,26,516.0,231.84599989035632,0.44931395327588436,0.3333333333333333
Russell Athletic,5,48,303,304,6139.049999237061,3411.0956137615303,0.5556390018301609,0.27
Vobaga,6,12,63,63,1878.6500263214111,1000.3427345446586,0.5324795574103985,0.29411764705882354
Vans,4,16,111,111,4663.000015258789,2302.6949757814778,0.4938226395552954,0.1951219512195122
Sweetheart Slips,1,17,93,93,2647.600051879883,1257.2685259098873,0.4748710157401551,0.34285714285714286
SmartWool,12,160,1017,1021,39122.86002922058,20196.89951273978,0.5162429203195998,0.25936599423631124
boxed-gifts,5,54,319,320,2980.259976863861,1640.2666715938033,0.5503770423813369,0.2897196261682243
XOXO,8,15,89,90,2979.9100303649902,1595.848524393676,0.5355358075016146,0.2647058823529412
Affazy,2,5,31,31,1612.0,893.01200042665,0.5539776677584678,0.3
Felina,1,30,170,170,3799.590005874634,1796.5866543715283,0.4728369775669965,0.3220338983050847
Dearfoams,2,13,74,74,1706.3000030517578,744.4231994778693,0.4362791995232086,0.4444444444444444
Nvie Designs,9,21,138,138,1603.9099807739258,719.4289392909124,0.44854695582339993,0.27586206896551724
Body Wrap,1,10,75,75,3398.940010070801,1627.5946283447129,0.4788535906848234,0.28125
Oiselle Running,2,2,4,4,156.0,82.36800000071526,0.528000000004585,0.5
Tru-Spec,4,17,123,123,5276.070028305054,2873.4014913312485,0.5446101882492135,0.33962264150943394
Bravado! Designs,2,14,88,88,2801.6700019836426,1523.4423676989927,0.543762244168786,0.38461538461538464
Dorfman Pacific,2,12,92,93,1829.8099908828735,1081.212766354454,0.5908880002522965,0.2413793103448276
Boulder Creek,2,2,18,18,665.8599853515625,363.82617219572853,0.5464004148013709,0.16666666666666666
G by GUESS,13,48,293,293,10088.5,4847.848505920032,0.4805321411428886,0.2980769230769231
Blue Marlin,1,3,23,23,697.7299995422363,288.26004930485857,0.4131398241353804,0.42857142857142855
Anna-Kaci,12,104,598,600,9926.599849700928,4972.413224241313,0.500918068576233,0.26540284360189575
Columbia,13,236,1432,1443,70639.7496433258,38209.578547601166,0.5409076156205105,0.2854368932038835
Drawstrings,1,9,50,50,1192.9700183868408,552.9300187595996,0.46349028914178686,0.2631578947368421
Simms,1,1,5,5,134.85000228881833,68.36895118956751,0.5070000002160668,0.0
Animal Planet,1,1,13,13,404.550006866455,170.7201022465914,0.4219999983906746,0.0
Roma Costume,2,19,106,106,1861.7300176620483,886.1987490136337,0.4760081970029778,0.375
Browning,4,10,92,92,3622.2000942230225,1951.4140501963864,0.5387372313607576,0.2702702702702703
Motherhood Maternity,2,185,1060,1065,24959.31973552704,13948.23991844607,0.5588389453816796,0.27450980392156865
RSQ,4,10,65,65,1839.4400691986084,919.2088050779267,0.4997220732928797,0.35294117647058826
Under Armour,9,54,329,329,12292.190036773682,6388.033268780456,0.5196822738397165,0.2818181818181818
Jessica London,7,10,57,57,2211.5600032806396,1041.4041724864965,0.4708912129635516,0.3333333333333333
Cubavera,5,23,165,165,6428.570104598999,3253.149862497435,0.506045638387008,0.3333333333333333
EAGLE,1,5,34,34,873.4800262451172,396.94101322685924,0.4544362793654415,0.45454545454545453
Pacific Legend,1,12,94,94,2724.970111846924,1190.7563813058853,0.4369796116768478,0.21428571428571427
Oak Hill,3,16,108,108,4682.860023498535,2480.943381220312,0.5297923424511876,0.35
Fashion Love,3,5,43,43,1185.9400024414062,690.7960615726286,0.5824882035773633,0.16666666666666666
Unknown,11,24,143,143,3405.730008125305,1659.9561849492588,0.4874009921482258,0.33962264150943394
PGA Tour,3,3,18,18,730.0,392.3800000548363,0.5375068493901867,0.4
Orvis,14,110,685,685,60691.0,32298.914002497215,0.5321862220509995,0.3305084745762712
Exotic India,1,3,33,33,1095.0,626.6800012625754,0.5723105034361419,0.1111111111111111
Isotoner,2,35,196,197,4271.470054626465,2539.696887310682,0.5945720922378738,0.31343283582089554
Live for the Ride,1,3,17,17,565.0,286.2599996943027,0.5066548667155799,0.5
Nat Nast,4,11,70,70,5206.36999130249,2479.2324361018027,0.4761921339135498,0.3333333333333333
Propper,3,5,25,25,1191.0499649047852,606.6756932501024,0.5093620848211865,0.0
Coupe Collection,2,4,26,26,965.9600028991699,539.4134829534335,0.5584221720717967,0.45454545454545453
Tempco,2,4,23,23,801.8300285339355,421.4407443107258,0.5255986048331056,0.5
Momo Maternity,1,15,82,82,6166.0,3360.743989808485,0.5450444355836012,0.1875
Star Vixen,2,5,28,28,1142.0,647.4260011948645,0.5669229432529461,0.09090909090909091
Costa Blanca,2,3,18,18,400.0,210.0000002211891,0.5250000005529728,0.3333333333333333
Nine West,5,36,209,209,11893.480110168457,5805.852566885216,0.48815422509694545,0.25757575757575757
Karen Kane,9,38,208,208,11954.020027160645,6689.708447107656,0.5596199798819156,0.27692307692307694
Isis,3,3,20,20,995.6300163269043,485.8352884152319,0.4879676992941454,0.09090909090909091
Toes on the Nose,3,8,55,55,2477.2100143432617,1243.7704443335585,0.5020851833845412,0.4
Jemcor,1,1,9,9,375.9200134277344,151.49576573627232,0.4030000008642673,0.0
CasualMale,2,4,29,29,1527.950008392334,894.2950084361657,0.585290751349331,0.375
Cinema Etoile,3,15,85,85,2196.67000579834,999.5015433778383,0.4550075982007082,0.20512820512820512
Grace Elements,1,2,10,10,216.17999839782715,122.04566932042681,0.564555787884831,0.6
Mavi,2,20,136,136,8915.199977874756,4131.181077413149,0.46338624906515646,0.3137254901960784
Evolution by Cyrus,2,4,23,23,1235.6800003051758,691.8568811682861,0.5598997159437866,0.4
Gregg Homme,2,25,179,179,3697.8400287628174,1837.482502268631,0.4969069748761943,0.2545454545454545
Cashmere HS,2,2,11,11,431.9100151062012,260.5857096361027,0.6033333345419832,0.0
Purpura Erizo,3,4,16,16,698.8700180053711,432.55237049714145,0.6189310735230555,0.0
Sag Harbor,5,21,129,129,2665.450002670288,1376.6368622239772,0.5164744642911484,0.2826086956521739
2(x)ist,4,56,379,381,9362.5,4619.242990951752,0.49337708848616846,0.2773722627737226
InkAddict,1,3,17,17,544.0,255.10399973392487,0.46894117598147955,0.16666666666666666
N2N,4,16,107,107,2796.960006713867,1490.3480439652233,0.5328456754432556,0.3235294117647059
Tripp NYC,5,12,75,75,3938.2899894714355,1994.0166802303586,0.5063153514751663,0.36
Pendleton,13,81,486,487,37791.28991699219,20631.422976207778,0.5459306369675204,0.32386363636363635
BCBGMAXAZRIA,10,50,293,293,40643.48009490967,22716.197127165684,0.5589136824435155,0.3173076923076923
Anita,4,23,148,148,7042.219993591309,3741.6245089543877,0.5313132098059149,0.30612244897959184
Bordeaux,2,2,7,7,296.950008392334,114.18200312203913,0.3845159114162424,0.0
Vintage,4,8,54,54,3763.7700233459473,1959.3291405698124,0.5205762117282585,0.2
Black Market-Lowbrow,2,11,65,65,2559.4500389099117,1346.2412189534675,0.5259884734952051,0.25
Edwards Garment,3,8,51,51,1969.2600212097166,1000.5298526340612,0.5080740185947794,0.21052631578947367
Timoteo,2,2,13,13,385.8000030517578,197.86620149995684,0.5128724726148115,0.3333333333333333
Banana Republic,1,12,87,87,3148.0500411987305,1528.1451486801402,0.4854259394486135,0.4375
TAXI Wallet,2,4,25,25,833.0,491.32300131209195,0.5898235309869051,0.2
The Savile Row Company,4,11,77,77,4543.0,2734.9620011989027,0.6020167292975793,0.39285714285714285
Brighton,1,1,10,10,441.0,285.76800084114075,0.6480000019073486,0.0
Chyor,2,3,13,13,539.0,250.19399966485798,0.46418181756003335,0.2
Arc'teryx,5,40,253,253,58418.050033569336,32078.779434962416,0.5491244472646498,0.2828282828282828
American Eagle,2,2,14,14,543.0,260.12999988533556,0.4790607732694946,0.4
Mermaid Maternity,1,9,42,42,1963.0,1092.09099701792,0.5563377468252267,0.25
Fappac,3,5,26,26,736.6500015258789,408.15470131168627,0.5540686899697883,0.4
Rocawear,5,10,54,54,2226.9599838256836,1109.6224315951108,0.4982677909141842,0.3888888888888889
On The Byas,1,4,27,27,660.4199981689453,283.0359191500739,0.42856957683717667,0.3
Lord Daniel,1,3,23,23,748.3200149536133,350.6612470546152,0.46859797953733995,0.2222222222222222
Cuddl Duds,2,16,79,79,2013.3000164031982,1050.3593544369467,0.5217102994482835,0.25806451612903225
Cianni,3,12,78,78,4846.949901580811,2768.431791826961,0.5711698796234823,0.2692307692307692
Gracya,1,5,28,28,1094.7900009155273,504.7968513836689,0.4610901186177516,0.1111111111111111
Blanks,2,3,13,13,505.65998458862305,252.99617211318736,0.5003286394493149,0.4
Superman,1,3,17,17,349.9800033569336,214.63720257068724,0.6132841891306159,0.2857142857142857
FINIS,1,8,50,50,2449.6600189208984,1163.4983741038775,0.47496320514567203,0.4
Gownies,1,1,9,9,349.9300117492676,128.07438313221448,0.36599999666213984,0.0
World's Softest,3,7,47,47,598.270007610321,251.87858219915074,0.42101154828943066,0.25
Carol Wright Gifts,8,36,195,195,2528.4399769306183,1162.5514497582035,0.4597900129586918,0.21666666666666667
Natural Gear,1,1,7,7,299.9400100708008,131.37372415625182,0.43799999915063376,0.0
Just Sexy,1,11,62,62,1576.6200218200684,737.426110921685,0.46772595851623894,0.19047619047619047
Boca Classics,1,1,4,4,100.0,53.4000001847744,0.534000001847744,
Spiderman,3,3,19,19,798.9400024414062,418.23978263320157,0.5234933553898186,0.3
Amoena,1,2,14,14,550.0,260.0499997846782,0.4728181814266877,0.0
Barely There,3,46,233,234,3996.6000080108643,1940.9539965915533,0.4856513017817812,0.24
AriZona,1,1,5,5,200.0,106.40000030398367,0.5320000015199183,0.0
Helly Hansen,4,22,158,159,10839.440040588379,5917.218252398869,0.5458970417513997,0.21428571428571427
Amicale,1,1,8,8,350.0,217.35000042244792,0.6210000012069941,0.0
Sox Shop,3,6,41,41,685.0,289.524999409914,0.4226642327152029,0.38461538461538464
Boconi,1,2,11,11,562.0,336.06400042027235,0.5979786484346483,0.0
Island Passport,2,2,13,13,575.0,242.67499905545264,0.42204347661817854,0.2
C. Luce,2,4,19,19,596.1999969482422,294.3398780421865,0.49369318944786744,0.42857142857142855
Eva Franco,2,3,13,13,1469.889991760254,781.4282173236932,0.531623605646774,0.2857142857142857
Ray-Ban Junior,2,2,23,23,772.5,463.03650078736246,0.5994000010192394,0.6
AG Adriano Goldschmied,6,54,361,362,39439.100131988525,19194.678063621566,0.4866915827030501,0.39344262295081966
Mothers en Vogue,1,2,9,9,398.5,229.6969996597618,0.5764040142026644,0.0
DTA SECURED BY ROGUE STATUS,2,4,24,24,779.0500144958495,336.6156562472417,0.4320847827274318,0.1111111111111111
PajamaCity,1,1,5,5,259.7500038146972,167.79850287457552,0.6460000015795231,0.0
ERGO,1,1,3,3,155.85000228881833,73.87290100129542,0.4739999994635581,0.0
Sofie,2,22,123,123,11133.350006103516,6029.544714316564,0.5415750615053916,0.2727272727272727
Andrew Christian,5,6,35,35,1197.650001525879,563.1864496067382,0.4702429331517592,0.3333333333333333
Nursing Mamas,1,2,17,17,636.0,346.6719992905855,0.5450817598908577,0.2857142857142857
Abercrombie & Fitch,2,5,37,37,3518.0,1899.3740036133677,0.5399016496911221,0.2631578947368421
Lodis,2,3,16,16,356.8499984741211,210.44804979224205,0.5897381272022166,0.7142857142857143
LA Idol,2,2,15,15,505.9099884033203,242.44724477495618,0.4792300020407444,0.75
Be Wicked,1,2,18,18,507.4599952697754,247.7693777220928,0.48825401023064663,0.3333333333333333
Emporio Armani,1,27,185,185,4489.350006103516,2357.9807003504156,0.5252387755787837,0.30666666666666664
Horny Toad,5,11,54,54,3301.359992980957,1771.4677869523946,0.5365872824286729,0.125
2117 of Sweden,1,1,5,5,161.91000366210938,84.03129180171624,0.5189999993890524,0.3333333333333333
Anne Cole,1,1,5,5,215.9600067138672,131.08772384039935,0.6069999989122151,0.3333333333333333
JSLV,1,1,8,8,324.0,178.19999963790178,0.5499999988824129,0.0
12XLShop Inc.,1,1,9,9,274.50000762939453,117.48600309358535,0.4279999993741512,0.5
Obey,1,2,12,12,675.8000030517578,319.3712007132947,0.47258241975597454,0.2
Vertx,1,1,5,5,164.85000228881833,91.82145097272767,0.5569999981671572,0.5
Only Necessities,4,15,73,73,1801.4500350952148,751.7954943453332,0.41732797452003567,0.17857142857142858
English Laundry,1,3,27,27,889.7800369262695,361.1559467462746,0.40589351497914233,0.5
L.A. Idol,1,1,4,4,109.9800033569336,46.52154146587014,0.4230000004172325,0.5
CCV Inc,1,2,6,6,274.950008392334,105.52581300301343,0.3837999992072582,0.25
Manufactured for Boeing,1,1,6,6,275.0,125.6749998545274,0.4569999994710087,0.0
Kuhl,5,18,103,103,8198.249946594238,4388.502966327363,0.5352975323898802,0.2857142857142857
Minus33 Merino Wool,7,21,136,136,5783.0,2890.7319984522182,0.4998671966889535,0.2391304347826087
Ralph Lauren Purple Label,1,1,4,4,224.0,141.11999934911728,0.6299999970942736,0.0
Baboosh,1,1,6,6,336.0,194.5439993441105,0.5789999980479479,0.0
Eberjey,1,7,49,49,2480.8500022888184,1152.9934531043016,0.46475742267390463,0.25
August Silk,2,3,28,28,1104.0,626.5959997922182,0.567568840391502,0.6666666666666666
Two Dog Island,2,2,16,16,657.2999954223633,357.0569973158017,0.543217708508223,0.4
Not Your Daughter's Jeans,4,88,487,487,37213.109952926636,17065.585141023133,0.4585906730883428,0.25555555555555554
Buffalo by David Bitton,5,28,203,204,14631.190008163452,6826.41569776936,0.46656599319403075,0.27419354838709675
Shock Absorber,3,9,63,63,3520.0,1880.1779984985478,0.5341414768461784,0.0625
Dominique,1,2,17,17,1046.0,492.1840001642704,0.47053919709777287,0.0
Bench,5,10,68,68,4771.259971618652,2564.0582424190848,0.5373964650157653,0.13333333333333333
Threadless,2,2,16,16,370.5,168.35699978470802,0.4544048577185102,0.0
Ralph by Ralph Lauren,2,2,16,16,774.5400238037109,446.37337341818153,0.5763076919202621,0.0
Rebecca Minkoff,5,11,63,63,10461.750011444092,6327.191301304249,0.6047928209317699,0.26666666666666666
Emerica,1,1,5,5,179.85000228881833,79.8534010403551,0.4440000001341104,0.6666666666666666
The Brag Company,1,2,6,6,179.75000381469727,81.66675194500759,0.45433518893939573,0.0
NBC Universal,2,2,11,11,344.9600067138672,171.2961628842169,0.4965681805146222,0.4
Lifetime Collective,1,1,4,4,180.0,83.16000021994114,0.4620000012218952,0.0
LA IDOL,1,2,12,12,540.0,248.40000048279762,0.46000000089406967,0.25
Boob,1,1,4,4,180.0,98.27999968081713,0.5459999982267618,0.0
Chaps,3,10,51,51,1728.9600257873535,901.1402538211795,0.5212036370886065,0.19047619047619047
Tokidoki,2,15,73,73,3017.5000190734863,1622.6412083760158,0.5377435619285407,0.2727272727272727
Yukon,1,3,15,15,1189.8900146484375,710.6921777025815,0.5972755203871184,0.2857142857142857
Nearly Me,1,2,11,11,455.85000228881836,225.89145138209983,0.4955389936336538,0.0
BULWARK FR Clothing,1,1,7,7,306.200008392334,133.5032032986015,0.43599999882280827,0.4
Tallia,2,10,68,68,7213.770149230957,4349.530664226268,0.6029483299644585,0.2962962962962963
Ben Sherman,7,27,222,222,26320.350006103516,14130.455677634684,0.536864277046389,0.18518518518518517
IGIGI by Yuliya Raquel,4,5,44,44,5503.0,3199.1989995157346,0.5813554423979165,0.5
L*Space,1,14,65,65,4191.199974060059,2390.3741781909416,0.5703316933062875,0.3076923076923077
Merrell,5,11,73,73,7581.730152130127,4122.625738716397,0.543757909605649,0.23333333333333334
Hermanny,1,1,6,6,314.950008392334,189.28495439144896,0.6009999979287387,0.3333333333333333
Coffeeshop,1,1,8,8,448.0,267.9040005207062,0.5980000011622906,0.0
Alexanders,1,1,12,12,519.5999755859375,321.11278528375624,0.6180000007152557,0.5
DGK,1,1,6,6,259.9599914550781,152.5965145754549,0.5869999984279275,0.0
Biography Wear,1,1,11,11,520.0,285.47999933362007,0.5489999987185001,0.5
Stockings and Romance,1,1,5,5,325.0,139.1000004019588,0.42800000123679627,0.0
Dare to Wear,1,1,9,9,461.9299850463867,183.38620400834918,0.3969999998807907,0.3333333333333333
NoeMie,1,10,61,61,3223.8799743652344,1794.575969076645,0.5566509868066624,0.38095238095238093
Toni Top,1,1,6,6,330.0,170.60999907553196,0.5169999971985817,0.3333333333333333
Kings' Court,2,3,19,19,742.4799823760986,406.81356019040777,0.5479118223342739,0.125
Greystone,2,3,16,16,1048.9999542236328,477.7391795479918,0.45542345128276734,0.0
DC Comics,4,6,37,37,636.3299922943115,302.78902618802596,0.4758364839857836,0.46153846153846156
QSW,2,4,23,23,1232.0,666.743999183178,0.5411883110253067,0.42857142857142855
ICECREAM,1,3,29,29,1702.0,730.5939986463636,0.4292561684173699,0.25
Rebel8,2,2,13,13,1060.0,569.8400002717972,0.5375849059167898,0.3333333333333333
Skins,1,7,37,37,2292.480010986328,1302.5552113264844,0.5681860714528396,0.4166666666666667
Lilla P,5,7,30,30,2522.020004272461,1402.5105423765583,0.5561060340523141,0.3076923076923077
Omit,1,1,8,8,482.6499786376953,233.11994013510568,0.48300000093877316,0.5
BIG STAR,3,15,104,104,7211.169982910156,3438.939098049013,0.47689058865607087,0.20588235294117646
Kenneth Cole New York,5,8,73,73,6877.589946746826,4159.361573490758,0.6047702183027327,0.2857142857142857
Sheridyn Swim,1,16,87,87,1677.9999771118166,975.6795837806574,0.5814538719243625,0.21621621621621623
Jedzebel,2,2,15,15,509.69998359680176,294.4105905295588,0.5776154600829895,1.0
John Fashion,1,2,6,6,289.74999237060547,167.82674590453874,0.579212253058076,0.0
Star Trek,1,1,9,9,489.6499786376953,291.8313879046733,0.5960000013001264,0.3333333333333333
Bathrobes Online,1,7,47,47,2826.499948501587,1509.5896720235373,0.5340844505671463,0.23529411764705882
Wilda,1,1,7,7,279.9599914550781,143.6194756915462,0.5130000002682209,0.25
Aegean,1,14,76,76,4684.419876098633,2099.5330544454873,0.44819489071804985,0.3181818181818182
VA VA VOOM,2,2,9,9,399.9600067138672,176.62260371124893,0.44160066193219505,0.6666666666666666
Le Suit,1,25,133,134,12522.059944152832,5067.744191774667,0.40470531321334613,0.3191489361702128
Outerwears,1,4,18,18,1119.8399658203125,632.0796727092198,0.5644375017873243,0.2
F/X FUSION,1,2,14,14,979.8599700927734,487.34035613498554,0.4973571438874516,0.0
Kalon,4,7,25,25,542.7899932861328,272.6775565241618,0.502362902590246,0.25
Bosca,1,1,5,5,280.0,161.28000035881996,0.5760000012814999,0.25
Armani,1,1,2,2,142.0,71.99399989843369,0.5069999992847443,
WeekenderÂ®,2,4,28,28,943.9200134277344,500.70135708685365,0.5304489257184151,0.0
Fit 4 U,1,3,11,11,920.0,557.2879977077246,0.6057478235953528,0.3333333333333333
Joe Browns,2,3,15,15,810.0,437.4000004827976,0.5400000005960465,0.3333333333333333
LUXE By Lisa Vogel,1,2,9,9,817.0,485.9939985042438,0.5948518953540316,0.0
Miraclebody,1,1,2,2,0.0,0.0,,1.0
NurtureWear,1,2,10,10,515.0499954223633,294.66758653638425,0.5721145309296509,0.2
Smith,2,3,21,21,1035.8599700927734,598.2091339661742,0.5775000011947538,0.42857142857142855
Miss Sixty,2,11,60,60,4926.049964904785,2718.6068912940473,0.5518837426868436,0.3333333333333333
Taraluna,1,1,6,6,450.0,188.10000065714118,0.41800000146031374,0.0
Barmah Hats,2,3,20,20,1398.0,783.1380002126098,0.5601845495083045,0.14285714285714285
Pink Lotus,1,2,9,9,486.0,270.8459988394752,0.5572962939083852,0.3333333333333333
Undrest,1,1,9,9,546.0,232.04999938979745,0.4249999988824129,0.3333333333333333
Members Only,1,3,15,15,1071.0,575.7539993394166,0.5375854335568783,0.25
Motel,1,2,6,6,402.0,181.33200027421117,0.451074627547789,0.25
Solo Classe,1,2,15,15,978.0,600.6540009872988,0.6141656451812871,0.4
Jet Lag,2,19,133,133,10871.5,5536.408500360325,0.5092589339429081,0.30612244897959184
MICHAEL Michael Kors,1,19,93,94,11663.959968566895,6343.409631468856,0.5438469995236315,0.3225806451612903
Steve Madden,5,14,86,86,1561.5499725341797,904.1386857921734,0.5790008015720953,0.28
Royal,2,4,29,29,700.7499904632568,297.64070501802746,0.42474592803242284,0.2
The Bracli BoutiqueÂ®,1,2,8,8,479.9399871826172,218.53267474727488,0.45533333454901975,0.0
Bloomingdale's Now,1,1,8,8,479.9399871826172,280.7648933779098,0.5850000018253922,1.0
Dr. Who,1,1,6,6,479.9399871826172,267.3265728750211,0.5570000000298023,0.0
Jonathan Quale,1,2,13,13,567.4899978637695,300.8507685002494,0.530142856495721,1.0
Lesuit,1,5,30,30,2478.0300216674805,977.0685229457872,0.39429244779218303,0.38461538461538464
AmeriBag,1,1,10,10,819.4999694824218,470.3929832644462,0.5740000009536743,0.0
CJ by Cookie Johnson,2,6,26,26,2403.0999908447266,1054.9289986467957,0.4389867265889223,0.2
Lauren Kiyomi,1,1,3,3,168.0,99.9599997997284,0.5949999988079071,
Anew,1,1,9,9,505.6799926757812,265.98767453492394,0.5259999968111514,0.5
Hilary Radley,1,3,28,28,1962.1900024414062,1052.2000017622113,0.5362375715160292,0.3333333333333333
David Lerner,2,2,8,8,529.5799865722656,250.7209328911281,0.47343354969649165,0.0
Bracli,1,1,4,4,339.9599914550781,165.90047579461756,0.487999999895692,0.0
Funktional,3,3,20,20,1804.0000610351562,973.2492351285697,0.5394951231709537,0.5
BellaBand,1,3,22,22,953.0,540.1019983943552,0.5667387181472772,0.16666666666666666
Coyuchi,1,6,37,37,2294.0,1300.9720042869449,0.567119443891432,0.23529411764705882
Vitamin A,1,3,23,23,1798.0,1088.2799994572997,0.6052725247259731,0.2
Kiyonna,2,16,82,82,7934.0,4511.340008344036,0.5686085213440932,0.21052631578947367
Synergy,1,1,3,3,176.0,110.88000014424324,0.6300000008195639,0.5
Ks,2,2,10,10,481.0,266.48699858784676,0.5540270240911574,0.0
Noppies,1,1,9,9,711.5999755859374,432.65278449882265,0.607999999076128,0.0
Castaway Clothing Co.,1,1,10,10,623.0,307.1389998653904,0.4929999997839333,0.5
Bitablue,1,1,4,4,89.0,48.5050000762567,0.5450000008568169,1.0
Greg Norman,2,2,11,11,673.8500022888184,350.6181998403661,0.5203208409133282,0.16666666666666666
Legendary Apparel,1,1,7,7,449.7499847412109,253.65899276120945,0.5640000030398367,0.0
CARRAIG DONN KNITWEAR,1,5,31,31,2278.7499237060542,1208.3682608689444,0.5302768190129918,0.0
RED LEDGE,1,1,4,4,269.8499908447265,149.22704514522454,0.553000000771135,0.0
HodoHome Loungewear,1,1,7,7,359.9200134277344,233.58808878968478,0.6490000002086163,0.5
McAlister,2,2,12,12,1039.8999938964844,544.9068955492885,0.5239993256539346,0.5
Mac & Jac,1,1,3,3,269.9699935913086,168.73124524028043,0.6249999972060323,0.0
Jen's Pirate Booty,1,1,4,4,270.0,134.4599999743514,0.4979999999050052,0.0
Paddi Murphy,1,6,33,33,2431.5499725341797,982.4598358626811,0.4040467384837475,0.5
Faconnable Tailored Denim,2,2,15,15,1374.5999908447266,663.392396046909,0.4826075952752171,0.16666666666666666
Sam & Lavi,3,4,15,15,662.6799926757812,392.31915442639985,0.5920190118344851,0.5
Bleu Rod Beattie,1,2,8,8,239.61000061035156,140.50259996131211,0.586380366443028,
SanMar,1,1,3,3,278.96999359130854,174.63521655350797,0.6260000020265578,
DKNYC,6,14,66,66,6402.580047607422,3762.2193305585674,0.5876098857935357,0.47619047619047616
Iisli,1,1,4,4,294.24000549316406,194.4926431749916,0.6609999984502792,0.0
Empress Silk,1,1,5,5,394.0,176.90600037574768,0.4490000009536743,0.5
Sean Collection,1,1,6,6,396.0,230.4720008969307,0.5820000022649765,0.0
Ferretti,1,1,8,8,699.6499786376952,426.0868377618506,0.6090000011026859,1.0
Rivet De Cru Jeans,1,1,3,3,199.97999572753903,99.39005815074083,0.4970000013709068,
Ramonti,2,6,43,43,6727.959991455078,3708.6673911281437,0.5512320816173667,0.16666666666666666
Fairway & Greene,2,2,18,18,1545.0,832.2299982793629,0.5386601930610764,0.42857142857142855
Superdry,1,1,4,4,400.0,195.99999934434894,0.4899999983608723,0.0
Bailey 44,5,10,42,42,4566.279998779297,2425.4176348606616,0.5311583248309452,0.25
Serengeti,1,1,7,7,512.9000091552733,328.768907213664,0.6410000026226044,0.5
Tadashi Shoji,1,1,6,6,419.95999145507807,213.75963627016597,0.5090000014752148,0.0
Tart,3,3,20,20,1656.0,762.6279974095523,0.460524153025092,0.4
Tori Praver,1,2,14,14,1540.0,878.0199972167611,0.5701428553355592,0.0
Hugo Boss,1,1,5,5,459.0,279.53100050613284,0.6090000011026859,
RED KAP,1,1,6,6,459.95999145507807,279.1957134561526,0.6069999970495699,0.5
KC&PP,1,1,9,9,690.0,331.8900004215538,0.48100000061094755,0.5
Princeton,1,1,11,11,826.0,391.5239995568991,0.47399999946355825,0.5
Pulse,1,1,8,8,959.9199829101561,573.0722289677357,0.5969999991357327,0.0
Outdoor Gear Inc,1,1,12,12,840.0,476.2799998372793,0.5669999998062849,0.25
Raffi,1,3,18,18,2550.0,1303.3500012941658,0.5111176475663396,0.1111111111111111
N.G.U.,1,1,8,8,960.0,317.7600038051605,0.3310000039637089,0.0
Steel Paisley,1,1,7,7,720.0,427.6799976825714,0.5939999967813492,0.5
Gypsy 05,3,5,22,22,1484.5,776.7334991758689,0.5232290327894031,0.6666666666666666
Canada Goose,3,18,104,104,42669.20011138916,24318.166533392934,0.5699231874492531,0.275
Claeson,1,1,14,14,1270.0,722.6300001703203,0.5690000001341105,0.14285714285714285
Heather,2,2,12,12,1038.3999938964844,576.4175983759403,0.5551016966140333,0.5
GUESS by Marciano,5,5,28,28,4338.0,2232.7220027102157,0.5146892583472144,0.3076923076923077
Versace,1,1,5,5,514.0,283.2140014246106,0.551000002771616,0.3333333333333333
Spiewak,2,12,82,82,13043.280014038086,7148.247095968355,0.5480406069849696,0.34285714285714286
Nicole Miller,7,14,80,80,9292.34002494812,4888.313137544624,0.5260583582198302,0.275
Onia,1,2,20,20,2040.0,815.7599990442395,0.39988235247266646,0.3333333333333333
Earnest Sewn,3,13,92,93,13144.099975585938,6299.613892046912,0.47927312663080135,0.1935483870967742
Melissa Odabash,1,14,80,80,9692.039932250977,5587.268707495478,0.5764801575882318,0.42857142857142855
Joes Jeans,1,3,19,19,1740.0,846.0840015057474,0.4862551732791652,0.5
Shoshanna,1,3,21,21,2943.75,1690.7512450776994,0.5743528645699191,0.2222222222222222
Stone Rose,2,2,13,13,1589.0,781.7609999887645,0.4919830081741753,0.0
Citizen,2,2,15,15,1959.2999572753906,974.3318784033121,0.4972857141069004,0.2
Mitchell & Ness,1,1,7,7,979.6499786376953,577.013835286306,0.5889999978244306,0.0
Knoles & Carter,1,2,10,10,989.9300384521484,509.4840417531203,0.5146667157910957,0.4
Jack Spade,3,4,25,25,2965.790023803711,1549.7618280413599,0.5225460385269439,0.25
Parker,3,11,60,60,14105.979919433594,7702.796410789096,0.546066026946279,0.4090909090909091
Fisherman,1,1,8,8,745.0,391.87000039964914,0.5260000005364418,0.6666666666666666
turkishtowels,1,1,8,8,899.9400329589844,519.2654003181186,0.5770000014454125,0.0
Shephe,1,6,34,34,5309.0,2687.846000430174,0.5062810322904829,0.2
ANSAI,2,4,23,23,2772.580032348633,1625.1754968629539,0.5861599946264776,0.2222222222222222
Taylor,1,1,10,10,1264.0,709.1040008664131,0.5610000006854534,0.0
Hart Schaffner Marx,2,4,22,22,2208.810028076172,1325.5397956772163,0.600114893914953,0.5555555555555556
David Kahn,1,3,16,16,1044.7599868774414,486.096394941403,0.4652708766098887,0.0
True Grit,3,6,38,38,1313.93000125885,635.8045997015064,0.4838953361993064,0.125
Weston Wear,1,1,9,9,660.0,355.7400005310774,0.5390000008046627,0.0
EISENBERG INTERNATIONAL,1,1,9,9,676.0,403.5720009896904,0.5970000014640391,0.5
Giorgio Fiorelli,1,6,40,40,5228.599914550781,3224.69455337751,0.6167414998427092,0.36363636363636365
Xport Designs,1,2,9,9,879.9500274658203,455.4341553609899,0.5175682040406325,0.4
Hold Your Haunches,1,1,4,4,341.9599914550781,131.31263594931428,0.3839999977499247,0.5
Red Engine,2,6,39,39,3605.0800018310547,1662.373564114052,0.4611197430486193,0.26666666666666666
J BRAND,3,6,32,32,5299.0,2725.132000170881,0.5142728817080356,0.2222222222222222
Gucci,2,6,29,29,4634.86994934082,2633.356415107457,0.568161878087211,0.2222222222222222
Rails,1,1,4,4,528.0,322.07999870181084,0.6099999975413084,0.0
Armani Jeans,1,1,3,3,534.0,230.15399992838502,0.43099999986588955,0.0
NEVE,1,1,7,7,1079.6999816894531,595.9943907995832,0.552000000840053,0.0
Holden,1,1,6,6,899.7499847412109,446.2759922606973,0.4959999998100102,0.0
phistic,1,2,15,15,2519.880065917969,1416.412599225539,0.5620952434930878,0.16666666666666666
Helene Berman,1,2,12,12,1260.0,793.4639961272478,0.6297333302597204,0.0
FRYE,1,1,7,7,1188.0,681.9120011329651,0.5740000009536743,0.0
Knoles&Carter,1,1,10,10,1399.9300384521487,841.3579528176933,0.6009999997913839,0.6666666666666666
What Goes Around Comes Around,4,6,34,34,2301.709981918335,1208.5774515677626,0.5250780771956712,0.3076923076923077
Amanda Uprichard,2,3,16,16,1544.6000061035156,840.9994053167461,0.5444771474773542,0.25
Giada Forte,1,1,5,5,454.0,278.302000798285,0.613000001758337,0.3333333333333333
Bikeraccess,1,1,8,8,1199.9500274658205,698.3709187029662,0.5820000022649765,0.0
Red Carter,1,1,2,2,480.0,264.4799995422363,0.5509999990463257,0.0
Fleur Of England,1,1,4,4,531.0399780273438,244.27839036736486,0.46000000089406967,1.0
Candela,1,1,6,6,1144.0,698.9840016365051,0.6110000014305115,0.5
Sandals Cay,1,1,5,5,499.989990234375,282.9943342938459,0.5659999996423721,1.0
Moncler,1,1,9,9,4400.0,2494.7999950498343,0.5669999988749623,0.25
Nobis,1,4,32,32,18025.0,10104.924988467246,0.560606101995409,0.4
Wayfayrer,1,1,8,8,9.0,5.364000011701137,0.5960000013001263,0.3333333333333333
Scarf_tradinginc,2,9,62,62,419.029993057251,238.61651623957553,0.5694497295972176,0.2631578947368421
Coloriffics,2,3,16,16,89.31999969482422,52.526419912327015,0.5880700861149996,0.42857142857142855
CTM,1,5,36,36,243.0399968624115,147.55050845821546,0.6071038115662335,0.5
Pashminas4u,2,5,38,38,227.63999700546265,130.78277852830126,0.5745158155364186,0.0625
Alivila.Y Fashion,2,5,28,28,93.77999925613403,40.81251958398104,0.4351942835114871,0.2
Skyblue,1,1,2,2,5.980000019073486,2.9062800178241726,0.4860000014305114,0.0
Berkshire,5,21,131,131,1072.810007095337,595.8203648007658,0.555382929745376,0.3
Allegra K,19,1030,6075,6170,67008.02001595497,35471.50900004247,0.5293621418987833,0.28941285251964866
Magic,1,5,36,36,164.7699999809265,101.22256025136124,0.6143263959645481,0.16666666666666666
DesignSK,2,3,20,20,307.92999839782715,161.3530297752631,0.5239925652414178,0.0
ThatsRad,3,8,55,55,382.6099934577942,221.76672677740083,0.5796156152985167,0.21052631578947367
Yimei,2,2,11,11,40.91999936103821,20.07923967718169,0.4906950144359007,0.5
Vine Branch,1,1,7,7,20.399999618530277,12.32159980386645,0.604000001680106,1.0
Broner,1,2,17,17,293.95000743865967,173.03550467999656,0.5886562350780172,0.6666666666666666
Booty Pop,1,1,8,8,24.94999885559082,10.653649491632732,0.4269999992102385,0.25
Kendall Drive,2,2,7,7,29.939998626708984,17.445039252324996,0.5826666684200367,0.3333333333333333
MM Collections,1,1,6,6,20.0,11.180000007152557,0.5590000003576279,0.3333333333333333
Trenway Textiles,1,1,10,10,41.599998474121094,15.39199940133095,0.36999999918043613,0.25
BBC,2,4,19,19,150.3599967956543,69.03113849624677,0.4591057459921541,0.0
Nippits,1,1,8,8,39.19999933242798,17.404799708855155,0.4440000001341105,0.0
Extra Wide Sock Company,1,4,24,24,101.14999675750732,40.317198475956886,0.39858823300421464,0.2222222222222222
Angelina,7,41,245,246,2659.2999725341797,1396.3994770358688,0.5251003991494687,0.3103448275862069
Chances R,1,1,7,7,23.959999084472656,9.895479592610599,0.4129999987781048,0.5
Rhino Socks,1,3,20,20,101.82999610900879,42.50503815770806,0.4174117625636213,0.2
Funny Girl Designs,2,5,23,23,188.90999794006348,108.32611891709558,0.5734271351348212,0.0
Soxnet,1,7,40,40,259.64999198913574,156.28511553261717,0.6019068760038955,0.07142857142857142
Fruit of the Loom,8,136,905,907,12485.309978485107,6337.9178839032975,0.507629998360065,0.27388535031847133
Symphony Designs,2,9,64,64,345.6799998283386,182.85392002711626,0.5289687575732462,0.36666666666666664
Croakies,2,10,51,51,335.43999671936035,193.8499282346151,0.5778974783284297,0.4117647058823529
FASH Limited,1,1,6,6,36.0,20.232000097632408,0.5620000027120113,0.0
Blue Q,2,2,10,10,51.119998931884766,26.083979445662795,0.5102499998174608,0.5
Universal Textiles,4,8,56,56,441.54999828338623,247.00799959672437,0.559411166474957,0.36
QLook,1,2,8,8,47.94999885559082,27.731099450336394,0.5783336832572841,0.0
ZOCKS,1,1,7,7,39.0,15.092999931424854,0.3869999982416629,0.5
PACT,3,15,94,94,929.6099996566772,454.4098094961034,0.48881768662549413,0.23529411764705882
Fashion Essentials,1,3,13,13,121.56000232696533,53.61456114326656,0.4410542951377798,0.5
K. Bell,3,47,292,292,2498.6899948120117,1221.5116071618063,0.4888608069420418,0.24242424242424243
FoxRiver,4,14,81,81,1031.7899894714355,500.5902048062354,0.48516675865665,0.2647058823529412
Star Ride,1,1,5,5,27.959999084472656,11.323799584423007,0.40499999839812517,0.25
G&G,2,4,16,16,109.97999954223633,62.02481984686136,0.563964539962028,0.3333333333333333
Under Moments,1,27,125,125,1133.2999820709229,531.85311223098,0.46929596809761187,0.30434782608695654
L'eggs,3,8,49,49,491.9899969100952,280.36309855558875,0.5698552822544916,0.125
Railroad Sock,1,1,4,4,23.880000114440918,10.507199993419647,0.4399999976158142,0.0
Samanthas Style Shoppe,13,52,321,321,4588.4699449539185,2296.7869442262136,0.5005561705274022,0.18518518518518517
Toy Machine,1,1,12,12,79.89999771118163,30.921298973736167,0.386999998241663,0.4
Hollywood Star Fashion,5,11,48,48,787.5899982452393,376.13884932406444,0.4775820543202766,0.1
Dan Smith,1,1,5,5,25.34999942779541,15.412799699506536,0.6080000018700957,1.0
VH Apparel - Grippem,1,1,8,8,67.91999816894531,42.993358930006025,0.6330000013113022,0.0
Trendy Trends,2,2,9,9,43.24999809265137,26.097048873209204,0.6034000005573034,0.8
Finaday,1,1,4,4,26.84999942779541,9.692849731819333,0.3609999977052212,0.0
Red Blossom,2,4,24,24,172.14999675750732,96.41574835540354,0.5600682554250407,0.25
Up2date Fashion,1,24,127,127,1242.2899837493896,487.6505217411465,0.3925416192033965,0.2692307692307692
Nollia,1,8,52,52,314.64999198913574,124.50250659096034,0.39568571352532933,0.4117647058823529
ChalkTalkSPORTS,3,9,66,66,500.5299892425537,221.2387748503864,0.4420090296391321,0.3
Skechers,2,5,39,40,700.129997253418,395.3564894772344,0.564690116161573,0.3076923076923077
Y&G,2,28,233,234,5301.680107116699,3138.1713504736963,0.5919201624898451,0.3
Chang King,1,1,9,9,62.92999839782715,36.81404917760081,0.5850000018253921,0.16666666666666666
TheTieBar,2,28,198,198,2349.609968185425,1385.1157147320807,0.5895087837926517,0.2833333333333333
Ozone,4,17,128,128,1728.3900127410889,795.7787858116529,0.46041621390163623,0.2
California Costumes,1,1,7,7,36.36000061035156,16.507440273848772,0.45399999991059303,0.5
Levante,1,2,11,11,92.9000015258789,53.89900101614744,0.5801829938736108,0.6
Warner's,2,22,124,124,2070.719997406006,985.9083586891051,0.47611862536902816,0.2631578947368421
Spicy Spot,2,2,10,10,106.01999855041502,56.232359173975276,0.5303938874063977,0.3333333333333333
NU by John G,1,2,4,4,39.59999847412109,19.8593991615273,0.5014999981503933,0.0
Aviators,1,1,5,5,29.84999942779541,19.223399668863415,0.6440000012516975,0.5
FootJoy,2,6,39,39,315.8699951171875,125.70647740805197,0.39796903584151755,0.45454545454545453
Louisville,1,1,4,4,19.899999618530273,8.7559998588413,0.4400000013411045,0.6666666666666666
Bag Girls,2,3,20,20,179.65999603271484,111.19291796591128,0.61890749427415,0.09090909090909091
Teramasu,1,2,10,10,58.8700008392334,36.93619059900538,0.6274195697715971,1.0
Rudsak,1,2,14,14,126.87999725341797,62.41000857403668,0.4918821715402854,0.16666666666666666
Buster Brown,1,1,7,7,49.94999885559082,31.318649391869453,0.6270000021904707,0.5
Slicon Bra,1,1,5,5,29.969999313354492,14.47550969648525,0.48300000093877316,0.3333333333333333
La Fiorentina,2,5,28,28,361.8299961090088,193.17569831119403,0.5338852510530825,0.2727272727272727
Annabelle,3,7,41,41,582.3299961090088,307.8437983382463,0.5286414926161896,0.16666666666666666
Jolie,2,5,16,16,177.84999656677246,83.7460382588143,0.47088017922661285,0.5
Canari,1,1,10,10,70.0,29.189999960362915,0.41699999943375593,1.0
Bristols 6,3,13,78,78,1000.0,466.64500075392425,0.46664500075392423,0.2222222222222222
Top Quality Products,1,1,6,6,54.749999046325684,34.163999497912826,0.6240000016987325,0.5
VH Apparel - All Mixed Up,1,2,13,13,109.89999771118164,55.037918857935736,0.500800000037998,0.0
Holloway,1,1,10,10,65.93999862670898,35.6735390860802,0.540999997407198,0.6666666666666666
Ooh La La,1,1,10,10,66.23999977111816,35.30591986616135,0.5329999998211861,0.6
Spalding,3,8,46,46,723.8600025177002,413.19922013261424,0.5708275339091007,0.3076923076923077
Peach Couture,1,2,16,16,163.85999965667725,94.26299994130433,0.5752654713707193,0.0
Nvie Basics,2,2,16,16,270.84999656677246,135.51070805822778,0.5003164473912792,0.0
Rockport,1,2,11,11,59.97999954223633,23.824919765742422,0.3972144039275216,0.6666666666666666
TheLees,3,5,28,28,501.2299995422363,229.93057006350284,0.4587326582077968,0.4
Trasparenze,1,6,40,40,473.7199935913086,273.3204973315261,0.5769663536036591,0.5
Chic Intimates,1,1,3,3,35.96999931335449,18.020969661886543,0.5010000001639128,0.0
Happy Socks,1,5,27,27,216.0,87.19199962355196,0.40366666492385167,0.45454545454545453
Danshuz,1,1,7,7,48.0,27.072000145912174,0.564000003039837,1.0
180s,3,22,135,135,2194.4399909973145,1217.6502663206006,0.5548797284573779,0.32
Injinji,2,9,55,55,608.0,300.6604988584295,0.4945073994382064,0.25
INDERA THERMALS,4,24,127,127,1592.2299900054932,831.1305628397297,0.5219915263854955,0.22727272727272727
Basic,1,2,13,13,132.5500020980835,82.83155105206818,0.6249079573063682,0.5
Thomas Bates Designs,1,2,16,16,198.35000324249268,117.10635229476318,0.5904025731302605,0.2857142857142857
Snoozies,3,17,94,94,933.9299869537354,513.9901836643212,0.5503519437691886,0.3170731707317073
Slim N Lift,1,1,4,4,25.979999542236328,11.97677981645733,0.46100000105798244,0.0
Cameo,1,2,16,16,237.8899974822998,151.25265868166474,0.6358092407517836,0.2
Ames,5,13,77,77,1025.480001449585,551.3741112645271,0.5376741725680878,0.17391304347826086
Pacific Legwear,1,2,15,15,160.37999725341797,68.67116879365773,0.4281778898221937,0.1
NaNa,2,3,21,21,262.8599967956543,117.5840384036054,0.4473257241002498,0.3333333333333333
VIP,2,2,9,9,119.90999794006348,69.82961892324418,0.5823502637215309,0.0
Modern Heritage,2,2,6,6,64.94999885559082,35.2808394390399,0.5432000009343029,0.3333333333333333
Touch of Europe Boxers,1,1,3,3,25.979999542236328,10.288079775076437,0.39599999831989413,0.5
Ark apparel,1,1,6,6,52.0,31.4079999178648,0.6039999984204769,0.25
NEXT LEVEL,1,1,5,5,40.02000045776368,18.049020257737048,0.4510000012815,0.5
Cashmere Int,3,7,38,38,477.36999893188477,265.30153929051534,0.5557566245975395,0.16666666666666666
Bridgedale,3,9,57,57,771.8000259399414,336.36691056351196,0.4358213258076345,0.25
Shirt Me Up,1,1,5,5,27.979999542236328,11.303919895948766,0.40400000289082527,0.0
Stella Elyse,2,26,145,145,2713.899974822998,1134.0326557772953,0.41786088886760003,0.3018867924528302
C.C. Exclusives,2,3,13,13,139.89999771118164,82.98867885115713,0.5932000014930964,0.3333333333333333
Bravado,2,7,38,38,533.4799938201904,235.66771750335883,0.44175549267699565,0.3076923076923077
james,1,1,8,8,97.92999839782715,43.97056900920005,0.4489999972283841,0.5
Back to Nature,1,1,5,5,69.94999885559082,43.229099342787265,0.6180000007152557,
NLA,1,1,6,6,56.0,31.864000007510185,0.5690000001341105,
Good Devil,1,7,51,51,842.0,467.02999931853265,0.5546674576229604,0.26666666666666666
Just One,1,4,27,27,371.92999839782715,147.9467189351346,0.3977810866895617,0.16666666666666666
Tuxedo Park,1,3,21,21,203.0,94.23550026095472,0.46421428699977696,0.75
M. Stevens,1,1,8,8,58.0,27.839999917894605,0.47999999858438974,0.6666666666666666
Women Only,1,1,5,5,58.0,35.03199980035424,0.6039999965578318,0.0
Black Diamond,1,1,5,5,72.5,41.83249986846931,0.5769999981857836,0.0
Ducti,1,1,5,5,58.20000076293945,36.66600052835047,0.6300000008195639,0.0
5 Seasons,1,2,13,13,168.99999618530273,85.65199828821419,0.5068165693583785,0.0
PLATINUM SPORT,1,1,4,4,44.910000801086426,16.21251018613368,0.3609999977052212,0.3333333333333333
SILK COUTURE,1,2,13,13,149.89999771118164,90.29975890355348,0.6024000018835067,0.3333333333333333
X-Gear,1,3,27,27,269.81999588012695,160.94762792238956,0.5965000014079529,0.375
Northern Elements,1,1,8,8,74.94999885559082,42.271799582388994,0.5640000030398369,0.0
STY,1,1,7,7,89.93999862670898,52.34507940445661,0.5820000022649765,0.5
Betty Boop,2,2,8,8,109.93999862670898,45.784339228886964,0.41644842460243625,0.5
REWASH,1,2,11,11,75.0,37.124999980442226,0.4949999997392297,0.5
Jou Jou,2,4,23,23,354.73000717163086,196.2196444656566,0.5531520889088997,0.7777777777777778
HEART SOUL,1,1,5,5,60.0,31.500000022351742,0.525000000372529,0.0
TWELVE K,1,2,11,11,150.0,67.27500013075769,0.44850000087171793,0.5
Custom '77,1,1,4,4,45.0,21.510000005364425,0.47800000011920946,0.3333333333333333
Green Tea,2,5,41,41,670.6600170135498,328.59728758958465,0.4899610521778664,0.4117647058823529
Gloria Vanderbilt,2,3,25,25,353.6200008392334,182.98561061666288,0.5174639731417618,0.6
Keen,3,10,58,58,683.8199977874756,335.43314855887036,0.49052842801347796,0.34782608695652173
Christmas Vacation Collectibles,1,1,6,6,95.93999862670898,42.78923952118144,0.4460000013932587,0.0
Ellen Tracy,2,7,34,34,366.86000061035156,214.23930087019576,0.5839810841022788,0.5833333333333334
T Party,1,1,7,7,84.49999809265137,51.88299883392453,0.6140000000596046,0.0
Exquisite Form,2,5,36,36,819.5400352478027,398.62039761842675,0.48639527109605657,0.25
Ymid Select,1,1,8,8,67.95999908447266,43.35847943412185,0.6380000002682209,0.3333333333333333
ADVADRI,2,5,25,25,410.7999954223633,206.87718776200853,0.5035958862397457,0.0
Ear Mitts,1,1,3,3,34.0,21.42000002786517,0.6300000008195639,0.3333333333333333
Botany 500,1,8,51,51,771.6999950408936,462.51649750134175,0.5993475449962032,0.2777777777777778
Pamela Mann Hosiery,1,1,6,6,89.75000381469727,49.183002127900714,0.5480000004172324,0.0
Steve & Barrys,1,1,6,6,89.89999771118164,42.61259899246283,0.47400000086054206,0.5
Coral Bay,2,5,28,28,471.8299961090088,220.24678891525326,0.46679268111722333,0.5
Sportsman,1,1,4,4,35.97999954223633,22.235639742836952,0.6180000007152557,0.5
Dan Post,2,2,9,9,93.8700008392334,45.06348059621498,0.48006264188058356,0.6666666666666666
Scooby Doo,1,1,7,7,89.94999885559082,57.92779937559068,0.6440000012516975,0.2
Danbury,1,1,6,6,107.93999862670898,60.44639948830604,0.5600000023841858,0.0
Tie-Dyed,2,3,17,17,375.88001441955566,174.89435644151789,0.46529304494040363,0.4
Kiss,1,2,4,4,73.95999908447266,35.54671954718857,0.4806208759763403,
Ear Mitts; EarMitts,2,2,12,12,144.0,80.78400016576052,0.5610000011511147,0.0
Icon,3,12,63,63,1026.0,440.87199914455414,0.42969980423445825,0.25
Jobar,1,1,10,10,127.8900032043457,57.42261156071664,0.44900000095367437,0.16666666666666666
Cowboy Shop,2,2,5,5,37.0,19.609999992419034,0.529999999795109,1.0
Playboy,2,5,35,35,641.5200004577637,293.47907966974196,0.45747455957776334,0.25
Chuck,1,1,7,7,94.75000381469727,45.95375214662405,0.4850000031292439,
Flyclothing,1,1,7,7,94.89999771118164,42.04069911579899,0.44300000136718154,0.3333333333333333
SODAtees,1,1,5,5,56.939998626708984,25.964639493413863,0.45600000210106373,0.6666666666666666
Domo,2,3,24,24,504.9499988555908,317.32840014770477,0.6284352923396215,0.1111111111111111
Sealed with a Kiss Designs Plus Size,4,5,21,21,309.0,132.9769999012351,0.4303462779975246,0.6666666666666666
PPU,1,1,6,6,95.0,48.82999986410141,0.5139999985694885,0.0
Single,1,1,3,3,58.5,36.62100011855364,0.6260000020265579,0.0
Vx Intimate Inc,1,15,97,98,2244.4000549316406,1087.696128288095,0.484626671567794,0.2857142857142857
Sunrise Outlet,1,1,4,4,39.900001525878906,16.478700655753915,0.41300000064075004,0.5
Hats,1,2,15,15,179.55000686645508,112.31850472045693,0.6255555579231846,0.625
Forever Collectibles,1,9,65,65,981.5299892425537,385.8761043781537,0.39313735556458557,0.4166666666666667
F.U.S.A.I.,1,2,18,18,327.8599967956543,145.36275826566458,0.44336838798990474,0.125
Polo Jeans Co.,1,1,7,7,119.93999862670898,55.41227951209366,0.4620000012218952,0.0
Mimi San,2,4,24,24,454.8300018310547,269.6594416536907,0.5928796266035566,0.5454545454545454
Christopher Walken,1,1,8,8,119.93999862670898,51.57419959714561,0.43000000156462187,1.0
Jeanstar,1,1,7,7,119.93999862670898,59.37029933362529,0.49500000011175876,0.25
Cloris Murphy,1,23,148,148,2822.8799743652344,1652.8456398064525,0.5855175051068613,0.24561403508771928
bioworld,1,3,23,23,487.939998626709,272.97355928760265,0.5594408330038073,0.14285714285714285
North River,2,3,15,15,342.70000076293945,205.62500048352027,0.6000145900955514,0.0
Maud Sylvina,1,1,4,4,59.96999931335449,30.584699748109287,0.5100000016391278,1.0
COLD STORAGE,1,1,6,6,99.94999885559082,54.37279935361147,0.5439999997615814,1.0
Pepsi,1,1,3,3,59.96999931335449,24.94751978227079,0.41600000113248825,
Eurosock,3,7,42,42,950.0,470.7999989949167,0.4955789463104386,0.1
Papi,1,21,143,143,2630.6699924468994,1374.6250148781953,0.5225379917758508,0.2857142857142857
Merch Makers,1,1,7,7,100.0,43.400000128895044,0.43400000128895044,0.4
Boutique 9,1,3,14,14,280.0,140.91999996453524,0.5032857141590544,0.5
Social Collision,1,1,4,4,81.91999816894531,35.7171192578125,0.4360000006854534,
White Mt.,1,1,13,13,187.9199924468994,86.25527667033789,0.4590000007301568,0.0
Selena Gomez,1,1,7,7,63.0,25.89300013706088,0.41100000217556953,1.0
Goorin Bros.,1,2,11,11,192.0,110.29200019687414,0.5744375010253862,0.25
Robinson,1,2,13,13,214.9600067138672,125.43552419845344,0.5835295882057745,0.5
Bra Discs,2,2,18,18,277.55000495910645,130.3417525099141,0.4696153852676686,0.16666666666666666
COLD PRUF,1,2,14,14,260.25000381469727,126.29995201490749,0.4853024021657089,0.25
My Little Pony,1,1,6,6,43.97999954223633,17.679959928699727,0.40200000256299967,1.0
Young & Reckless,1,1,6,6,65.96999931335449,27.90530973707378,0.4230000004172325,0.5
NYC FACTORY,1,1,5,5,65.96999931335449,40.24169966470376,0.6100000012665987,0.25
SEOBEAN,1,1,4,4,66.0,36.56399996951222,0.5539999995380639,0.5
DESMIIT,1,1,5,5,91.59999847412111,52.39519901390674,0.5719999987632037,0.5
Shagwear,2,4,28,28,479.59999084472656,265.9972357881723,0.5546231043909476,0.4444444444444444
Curvi,2,4,14,14,221.9699993133545,104.2537298942548,0.46967486694938476,0.5
Jon & Anna,3,6,22,22,314.86999702453613,176.6631583398433,0.5610669800529674,0.3
State O Maine,1,7,45,45,932.0499935150146,555.4960478304184,0.5959938326221015,0.19047619047619047
Cherokee,1,2,9,9,190.92000579833984,111.73020337274967,0.5852199873216284,0.0
Victorian Heart Co. Inc.,2,3,18,18,335.30001068115234,198.7610567805039,0.5927857156244241,0.5
TractionSocks,2,2,10,10,192.0,93.31199991703033,0.4859999995678663,0.0
under.me,1,1,6,6,96.0,40.415999829769135,0.4209999982267618,0.5
Material Girl,1,1,9,9,168.41999626159668,110.98877722017585,0.6589999981224536,0.16666666666666666
Freeze,1,1,7,7,169.4699935913086,68.63534760650394,0.4050000011920928,0.0
NOLLIE,2,3,18,18,462.6100082397461,238.50623465070174,0.515566525588648,0.3333333333333333
Rated M,1,4,29,29,756.9400024414062,394.70486077249177,0.5214480137123488,0.07692307692307693
Amnesty International,1,1,5,5,99.80000305175781,55.189401625162354,0.5529999993741511,1.0
Covington,1,1,9,9,149.93999862670898,89.9639993994534,0.6000000014901161,0.2
I-pink,1,4,34,34,705.7500057220459,326.27865316422333,0.4623147722548168,0.4
SwypeGloves,1,4,25,25,449.81999588012695,269.34221820346534,0.598777779268049,0.3333333333333333
GII,1,1,7,7,124.94999885559082,79.46819926470816,0.6359999999403954,0.2
Monarchy,1,1,4,4,74.96999931335449,33.13673961215861,0.4419999988749623,0.5
True Soulmate,1,1,6,6,124.94999885559082,60.85064940915853,0.4869999997317791,0.3333333333333333
Carolina,1,1,4,4,99.95999908447266,39.38423948511689,0.39399999845772976,
Wxy,1,1,1,1,24.989999771118164,16.168529848934412,0.6469999998807907,
Rounderbum,1,6,35,35,473.0,253.9829995362088,0.5369619440511814,0.6666666666666666
Trixxi,1,3,21,21,400.0,221.00000021746382,0.5525000005436596,0.3333333333333333
ENDO Apparel,1,4,35,35,675.0,294.000000692904,0.43555555658208,0.2
RIOT,1,1,5,5,75.0,34.12500007543713,0.4550000010058284,0.3333333333333333
Preggers,1,3,19,19,344.9499988555908,197.6443189458515,0.5729651242254183,0.3333333333333333
JET,1,1,7,7,150.0,67.95000024139881,0.4530000016093254,
Modern Culture,3,5,41,41,930.0,436.3599997619167,0.4692043008192653,0.21428571428571427
Of the Moment,1,4,24,24,350.0,137.64999958802946,0.3932857131086556,0.6153846153846154
Lot 29,1,1,8,8,175.0,87.67500002868474,0.5010000001639128,0.25
Maggie's Organics,1,1,6,6,150.0,81.14999989047647,0.5409999992698431,0.0
Rock Face,1,1,3,3,75.0,39.37499995809048,0.5249999994412063,0.0
Jackson,1,2,17,17,300.0,136.25000026077032,0.45416666753590107,0.625
Antigua,1,1,9,9,175.0,95.72499971836805,0.5469999983906746,1.0
XCVI,2,4,17,17,475.92000579833984,229.03016287351042,0.48123667860803626,0.2857142857142857
Pookies by DFDesigns,1,1,4,4,76.5,49.11300007067621,0.642000000923872,1.0
Black Fuchsia,1,3,21,21,501.9499988555908,245.89444977759496,0.48987837501387843,0.0
A Christmas Story,1,1,8,8,104.0,67.08000034093857,0.6450000032782555,0.6666666666666666
Teenage Mutant Ninja Turtles,1,1,2,2,52.0,30.94000008329749,0.5950000016018748,0.0
Mountain Mama,1,1,3,3,53.959999084472656,31.45867939629376,0.582999998703599,
Argenti,1,4,19,19,350.86999702453613,190.76531838145883,0.5436923076900152,0.2857142857142857
Nizo Wear,2,2,10,10,215.9199981689453,113.78983893489078,0.5269999995362014,0.0
MontyQ,1,1,8,8,135.0,69.39000030979514,0.5140000022947788,1.0
ToeSox,3,3,11,11,222.55999755859372,126.69227857146902,0.5692499998258427,0.0
LAGUNA BEACH,1,1,3,3,55.900001525878906,31.359900894334913,0.5610000006854534,0.5
LOCOMO Swimwear,1,1,7,7,167.93999862670898,89.00819884673061,0.5299999974668027,0.25
Freegun,1,2,17,17,392.0,162.39999929070473,0.4142857124762876,0.2222222222222222
Drymax,1,1,12,12,227.60000610351562,102.1924021096587,0.448999997228384,0.75
Realtree,1,1,6,6,144.54999923706055,61.43374951420352,0.4249999988824129,0.0
Executive Dress Series,1,1,6,6,115.95999908447266,40.93387969064237,0.3530000001192094,0.5
Marina West,1,22,110,110,2752.0300674438477,1624.3295743687977,0.590229588544254,0.23529411764705882
Bump,1,1,6,6,145.0,75.83499973639846,0.5229999981820583,0.0
Wonderbra,1,6,29,29,681.0,303.2290006899275,0.4452701919088509,0.3076923076923077
Storus Corporation,1,3,25,25,628.9500160217285,372.0688601599277,0.5915714296556656,0.25
TS Swim,1,1,8,8,179.70000457763672,70.08300155767053,0.3899999987334013,0.2
Standard Supply,1,1,11,11,269.9099979400635,134.68508842510343,0.4989999979734421,0.5
Escantee,1,1,6,6,149.94999885559082,71.67609961049966,0.47800000105053186,
Five Four,1,1,7,7,119.95999908447266,53.98199949863553,0.44999999925494194,0.4
Title Boxing,1,1,6,6,119.95999908447266,67.53747938266815,0.5629999991506339,0.0
Night Shirt,1,1,6,6,179.93999862670898,74.85503929732651,0.41599999926984316,0.0
Panda Apparel,1,1,7,7,209.92999839782715,78.51381897535207,0.37399999797344213,0.0
CASE IH,1,1,6,6,179.93999862670898,96.08795918019021,0.5339999995194377,0.0
Ragged Ends,1,1,3,3,60.0,28.980000056326393,0.4830000009387732,
Carolyn Forsman,1,1,5,5,90.0,56.70000007376075,0.6300000008195639,0.3333333333333333
VX Intimate Inc,1,1,5,5,154.75000381469727,79.38675228669123,0.513000002130866,0.0
Calida,1,1,6,6,62.0,31.0,0.5,0.75
Forum Novelties Inc.,1,1,8,8,127.55999755859376,59.187838946070386,0.46400000061839825,0.6666666666666666
Romeo & Juliet Couture,2,10,56,56,1415.4900398254395,785.8142034969808,0.5551534672712276,0.3157894736842105
Annette,1,1,5,5,96.0,47.04000002145767,0.4900000002235174,0.5
Modus Vivendi,1,1,8,8,256.0,139.51999974250793,0.5449999989941716,0.0
Mwak,1,2,7,7,192.0,91.51999980211258,0.476666665636003,0.3333333333333333
Converse,1,1,7,7,226.44998931884766,101.44959497188927,0.4479999989271164,0.0
Badger,1,1,10,10,194.94001007080078,107.02206527905403,0.5489999987185001,0.4
J. America,1,2,22,22,569.4300117492676,322.4170867721905,0.5662102104203066,0.2222222222222222
FQH,1,1,7,7,197.70000457763672,111.70050285150111,0.5650000013411045,0.0
Hot Fash,1,2,16,16,395.88002014160156,193.9812099578709,0.4900000002235176,0.0
YAGO,2,4,22,22,567.5599975585938,257.7895985750199,0.4542067793430178,0.38461538461538464
Maui and Sons,1,2,15,15,513.3200149536133,200.83072481661907,0.3912388353584213,0.14285714285714285
RJC,1,2,12,12,289.6000061035156,131.5137530338019,0.454122065822033,0.75
BHPC By Miss London,1,1,5,5,104.97000503540039,58.88817289681167,0.5610000006854534,0.0
Bianca NygÃ¥rd,1,1,8,8,174.95000839233398,77.85275378672779,0.4450000002980232,0.5
Mikarose,1,3,13,13,353.90001678466797,225.30231135420394,0.6366270151699092,0.0
Vitalsox,2,4,23,23,525.0,254.79999929200858,0.48533333198477824,0.16666666666666666
CTR Specialties,1,1,4,4,140.0,92.95999959111214,0.6639999970793724,0.0
Dukes of Hazzard,1,1,8,8,143.8000030517578,58.52660092493295,0.40699999779462814,0.6
Hook and Tackle,1,1,11,11,252.0,136.33200028538704,0.5410000011324883,0.5
Funzee,1,3,17,17,381.5000076293945,202.02390434591317,0.5295515080098449,0.375
MUK LUKS,1,1,13,13,332.9100151062012,119.84760523980259,0.35999999940395355,0.25
Ben Davis,1,1,7,7,184.95000839233398,103.38705441296173,0.5589999984949827,0.5
Little Adventures,1,1,5,5,147.9600067138672,76.79124339410126,0.5189999993890524,0.0
ULTRAFINO PANAMA HAT,2,7,41,41,1344.060043334961,734.6445843179827,0.5465861350175542,0.3
Lucca Couture,1,1,6,6,234.0,116.53199997777119,0.4979999999050051,0.0
Sauce,1,1,6,6,159.80000305175778,77.02360129711923,0.4819999989122151,1.0
Chelsea Studio,1,2,9,9,319.9200134277344,154.36140671575106,0.4825000007404014,0.0
NOTW,1,1,9,9,279.9300117492676,132.12696530371994,0.4719999991357327,0.25
Linda Hartman,1,1,6,6,120.0,52.68000014126302,0.43900000117719185,0.0
Alia,1,2,9,9,240.0,120.24000003933907,0.5010000001639128,0.6666666666666666
"89th &#x0026; Madison",1,1,10,10,320.0,162.23999977111816,0.5069999992847443,0.2
BDI,1,1,4,4,160.0,95.67999958992004,0.5979999974370003,0.0
Eagle Eyes,1,1,4,4,160.0,94.40000027418137,0.5900000017136335,0.0
Teezâˆ’Her,1,1,6,6,160.0,76.96000009775162,0.4810000006109476,0.6666666666666666
Kovac Industries,1,1,1,1,40.0,20.359999984502792,0.5089999996125698,
Timpa,1,1,4,4,161.60000610351562,73.04320299236775,0.45200000144541264,
Fashion Forever,1,1,5,5,167.9600067138672,67.35196278236153,0.4010000005364419,0.0
American Apparel,20,193,1147,1149,33030.9700050354,17125.680355502634,0.5184734312341391,0.27790973871733965
Three Seasons Maternity,1,48,260,261,6556.680000305176,3626.1216316171963,0.5530423371963282,0.35802469135802467
Harbor Bay,7,39,226,226,6882.9700050354,3816.531415507248,0.5544890378303514,0.34782608695652173
Calvin Klein,22,496,3170,3191,149323.37036132812,79164.0643754072,0.5301518723013579,0.3287671232876712
Roxy,11,143,777,780,28903.83008003235,15740.336335699252,0.5445761441343775,0.2631578947368421
Moving Comfort,6,25,144,144,5608.339992523193,2956.1431118249584,0.5270977001690279,0.21428571428571427
Fuzzdandy,3,6,41,41,1837.0,896.2119989041239,0.48786717414486874,0.3333333333333333
HUE,8,107,637,639,9575.230001449585,4502.139433843116,0.4701860355481322,0.2413793103448276
adidas,7,125,781,782,24162.419960975647,13513.935864044885,0.5592956287437697,0.29133858267716534
Melinda G,1,3,24,24,890.0,496.38999834656715,0.5577415711759182,0.1111111111111111
Sourpuss Clothing,3,3,17,17,662.6500053405762,366.9031533008836,0.5536907120559212,0.0
Handful,2,2,11,11,462.0,240.15599976014346,0.5198181812990118,0.0
ASICS,9,42,252,252,9896.070023536682,5621.436449326592,0.5680473598061293,0.35353535353535354
Flexees,3,50,268,268,8131.03999710083,3823.094801420656,0.4701852165016779,0.23076923076923078
Company 81,5,9,44,44,999.9200096130371,463.1121650317983,0.4631492125165291,0.2777777777777778
Sleepyeads,1,2,14,14,532.0,206.1359992166981,0.38747368273815436,0.0
Blue Plate,1,3,13,13,440.9700050354004,266.66115362233336,0.6047149479042826,0.2
4-rth,2,2,19,19,592.0,348.3640000894666,0.5884527028538287,0.0
Bar III,2,2,10,10,345.1199951171875,166.24207750728542,0.4816935554569562,0.0
Sean John,4,11,68,68,5356.100112915039,2999.6667895408827,0.56004681135587,0.18181818181818182
Jules & Jim,1,9,42,42,2152.6200103759766,1192.2712825679196,0.553869831563852,0.25
My Michelle,3,4,23,23,677.7000007629395,371.7467013002813,0.5485416864125383,0.5714285714285714
Tri-Mountain,6,55,339,339,13621.630111694336,7084.766379167422,0.5201114933435951,0.37272727272727274
pennylanegifts,1,3,15,15,432.2400093078613,191.84868371520906,0.44384758371260713,0.0
A Pea in the Pod,1,45,274,274,10204.5,5741.433985633717,0.5626374624561437,0.25609756097560976
Capezio,3,33,190,190,3805.7099752426147,2225.085643859283,0.584670313380208,0.24193548387096775
Rip Curl,8,42,291,291,10092.530038833618,4795.1442475503445,0.4751181546252315,0.21568627450980393
Stacy Adams,4,14,88,88,1662.2200088500977,926.9116651816635,0.5576347657028199,0.25
River Road,3,5,45,45,1241.8400135040283,639.7875270627472,0.5151931972762704,0.2631578947368421
Patty,7,106,585,587,17333.69009590149,8845.288237611861,0.5102945875156328,0.21674876847290642
Corona,1,1,5,5,171.9600067138672,101.80032368505775,0.5919999983161688,0.0
Fashion Forms,1,37,207,207,3120.440029144287,1447.9699453610287,0.4640274870971012,0.2727272727272727
Expressiva Nursingwear,1,1,7,7,257.9400100708008,151.15284569393455,0.5859999991953373,0.0
Bohn,1,1,6,6,43.0,25.713999889791012,0.5979999974370003,0.6666666666666666
Fit Couture,2,4,24,24,992.0,548.7969987569377,0.5532227810049775,0.3333333333333333
TapouT,3,24,147,147,4125.270004272461,1907.8641189629407,0.4624822416440629,0.24489795918367346
Nike,9,81,522,524,32131.1900472641,15540.168495806553,0.48364746132799286,0.23958333333333334
Knothe,1,15,120,120,4353.459930419922,2613.226053586141,0.6002641796071561,0.22857142857142856
Coquette,1,20,98,98,3188.1300048828125,1518.2846556487195,0.4762304715690312,0.13513513513513514
BCBGeneration,8,32,202,202,12140.740005493164,6530.070624853749,0.5378643000261246,0.23529411764705882
ZOO YORK,3,19,137,138,5587.540006637573,2566.395640948527,0.45930689317657575,0.21951219512195122
Alpinestars,6,33,244,244,10160.81986618042,4472.5281812995345,0.4401739466109455,0.2857142857142857
Anne Klein,13,111,622,623,42457.960052490234,23128.66071582773,0.544742627465711,0.34579439252336447
UltraClub,6,30,231,231,8717.260168075562,4219.723292612761,0.48406531539190195,0.23255813953488372
District Threads,5,32,183,183,4570.700078964233,2332.824828633727,0.5103867653382256,0.34782608695652173
Croft & BarrowÂ®,2,4,25,25,536.0,311.0380008928478,0.5802947777851638,0.5
Briggs,2,12,79,79,2411.450002670288,1087.6667827951474,0.45104264305323916,0.37037037037037035
Wacoal,3,63,333,333,11388.369998931885,5426.93622497377,0.4765331847738317,0.35135135135135137
RVCA,8,73,516,518,21656.479946136475,10021.526366027747,0.46274955075585084,0.3522012578616352
Karl Lagerfeld for Impulse,1,1,8,8,264.0,143.6159999370575,0.5439999997615814,0.25
Nautica,15,262,1751,1762,54683.28018093109,28150.945992941306,0.5147998784966448,0.2845394736842105
Miss Elaine,1,3,9,9,259.9099998474121,100.66502965831877,0.38730725911822234,0.4
The West Coast,3,3,18,18,772.0,432.4309992324561,0.5601437813891919,0.3333333333333333
Yummie Tummie,3,7,42,42,2104.129997253418,948.4839575944216,0.45077250874827374,0.2
RD Style,1,1,5,5,220.0,97.45999999344347,0.4429999999701976,0.0
Pistol Pete,1,1,6,6,264.0,100.05599968135358,0.378999998793006,0.0
Club Room,5,14,102,102,6010.62001991272,3454.9320239703375,0.5748045979490326,0.35135135135135137
Olga,3,15,81,82,1860.8400087356567,928.9303353579903,0.4991994642189308,0.3103448275862069
Bullhead,2,29,198,198,6252.579990386963,3192.946784478333,0.5106606855709696,0.2222222222222222
Billabong,10,78,524,527,22304.240020751953,10379.329083668878,0.4653522861129502,0.2736842105263158
PacSun,4,9,49,49,1874.8800144195557,988.2833467903135,0.5271181831314556,0.1111111111111111
Sutton Studio,9,75,409,409,31804.860250473022,17723.584290619187,0.5572602473659852,0.24183006535947713
Jessica Howard,3,20,125,125,9589.669849395752,5185.266183149326,0.54071373306726,0.2857142857142857
2b by bebe,10,63,336,336,9167.050197601318,4710.136357404666,0.5138115594302229,0.2421875
SlideBelts,1,1,7,7,179.80000305175778,115.43160212534067,0.6420000009238719,1.0
NEFF,6,42,264,264,8189.089996337891,4010.5359221903354,0.48974134170998507,0.2823529411764706
e.vil,1,4,22,22,759.1500129699706,365.9009564746405,0.4819876838876038,0.2727272727272727
Adrianna Papell,2,14,72,72,6558.62003326416,3601.0786325143254,0.5490604142716443,0.13636363636363635
Kenneth Cole REACTION,8,55,361,361,12759.250043869019,7207.023211113687,0.5648469295871157,0.2684563758389262
MW,1,8,50,50,1649.650058746338,945.714669999341,0.5732819909199669,0.29411764705882354
Red Kap,4,10,84,85,1744.010009765625,916.6382448403701,0.5255923072159178,0.25925925925925924
Thorlo,4,77,493,495,8782.880069732666,4435.822655341019,0.5050533105453228,0.24571428571428572
Free People,3,3,18,18,748.950008392334,376.9465052466467,0.5032999546335342,0.1111111111111111
Flakisima,1,1,1,1,0.0,0.0,,
Junk Food,1,3,20,20,713.950008392334,328.19325294180027,0.459686601420207,0.5714285714285714
Roamans,7,13,82,82,3962.329990386963,1912.275470869836,0.48261388514061704,0.20689655172413793
ililily,5,20,134,134,2550.9900283813477,1208.1278437657995,0.4735917547009699,0.19230769230769232
Macks Prairie Wings,1,1,8,8,179.9600067138672,81.1619629024211,0.45099999930243945,0.0
Sirisha,1,7,56,56,2569.510082244873,1511.2017123284452,0.5881283450766505,0.16666666666666666
Big Feet Pajama Co,1,2,9,9,359.9200134277344,148.33203479109824,0.41212499793618923,0.2
Underworks,4,37,217,217,6537.310121536255,3468.9280928487296,0.5306353880047439,0.29411764705882354
Avenged Sevenfold,1,1,7,7,314.9300117492676,138.88413506879928,0.44099999964237224,0.0
Key Industries,5,26,176,176,3819.380027770996,1834.39290708225,0.4802855159068338,0.29310344827586204
Mommy Paradise,1,19,104,104,2271.390007019043,1277.7879613245505,0.5625577102020938,0.17647058823529413
PUMA,8,48,288,288,9866.650100708008,5439.148405652168,0.5512659666791941,0.33
Rago,1,14,74,74,2738.4499893188477,1251.2741478663406,0.4569278799126721,0.08333333333333333
Danskin,5,22,119,119,2596.4500045776367,1434.5253786514465,0.552494897310684,0.16326530612244897
Lacoste,7,16,103,103,8646.61994934082,4174.937096353447,0.4828403608362277,0.36585365853658536
Woolrich,12,80,592,593,44096.3198928833,23363.77659308223,0.5298350667320179,0.28654970760233917
Feetures,2,6,32,32,846.0300006866455,426.76569861606805,0.5044332922824264,0.3888888888888889
ECHO,3,26,150,150,6680.440008163452,3823.7666175245968,0.572382449786538,0.23076923076923078
Machine Jeans,1,1,2,2,90.0,43.200000040233135,0.48000000044703484,0.0
Cocksox,2,4,30,30,883.0,409.36699967458844,0.4636092861546868,0.5
Carnegie Hall,1,1,6,6,225.0,99.89999982062727,0.4439999992027879,1.0
American Essentials,1,32,233,233,12159.279951095581,7396.029687936727,0.6082621436206284,0.38461538461538464
Ashworth,3,5,29,29,1682.3300323486328,817.0231357219229,0.4856497357901351,0.2222222222222222
East Essence,1,3,20,20,530.3700218200684,326.4936746258719,0.6155960201246765,0.4444444444444444
Athena,1,9,47,47,2582.540008544922,1477.6974902225975,0.572187646787,0.16666666666666666
BridalPetticoat,1,19,96,96,3067.4000091552734,1474.2421075789287,0.4806161906431362,0.2903225806451613
Devon & Jones,7,45,294,294,8239.280088424683,4161.5912006857125,0.5050916046090371,0.34579439252336447
Pashmina,2,9,59,59,1444.6000576019287,811.4963028304414,0.5617446147534737,0.3
Cotton Glam,1,1,5,5,184.0,101.01599976420401,0.5489999987185,0.0
OnGossamer,2,9,53,53,1364.9600067138672,588.0852422688624,0.430844302672775,0.4666666666666667
Life Is Good,4,58,344,345,11394.25,6254.409535621366,0.5489092775409847,0.3161764705882353
Joseph Abboud,5,44,325,327,40771.02999687195,23985.967515429274,0.588309089009268,0.23931623931623933
H,1,1,2,2,46.950000762939446,20.047650288695838,0.42699999921023846,
Tiger Milly,1,9,53,53,1965.6200637817383,1079.79366609509,0.5493399696061455,0.4666666666666667
Calvin Klein Performance,2,6,35,35,2345.1999893188477,1330.9188733451615,0.5675076238302903,0.18181818181818182
Fancee Free,1,1,2,2,94.0,56.023999728262424,0.5959999971091747,0.0
Cornerstone,4,6,30,30,842.5300102233887,439.8345147497446,0.5220401759138843,0.2
Girls4Sport,1,9,48,48,1782.5,1042.6724976371042,0.5849495077908018,0.3333333333333333
Joie,7,21,126,126,12669.610019683838,6644.978630299961,0.5244817022762459,0.2564102564102564
The Big Bang Theory,1,1,2,2,47.950000762939446,27.37945045778825,0.5710000004619359,0.0
Trukfit,2,3,19,19,516.7200164794922,242.1401680902989,0.46861000226011,0.2857142857142857
Skelapparel,3,7,38,38,1263.7499885559082,707.75439384397,0.5600430466889448,0.375
The Natural,1,3,14,14,117.9900016784668,53.35977081806168,0.45223976658184806,0.4444444444444444
UniformTux,2,4,22,22,449.95999908447266,267.4022802141842,0.5942801154730729,0.42857142857142855
Karen Nueburger,1,11,60,60,2677.0,1038.6849955646321,0.3880033603155144,0.1
Fourstar,2,2,23,23,796.0,391.5239991918206,0.4918643205927395,0.4
Rumina Nursingwear,1,1,9,9,384.0,227.71199941635132,0.5929999984800816,0.0
Vera Bradley,2,3,15,15,372.0,201.31200056523085,0.5411612918420184,0.0
Pearl iZUMi,6,24,159,159,5960.42995262146,3345.283415955455,0.5612486754389528,0.2545454545454545
Zeniche,2,2,11,11,345.0,160.95300028659403,0.46653043561331603,0.4
HoodieBuddie,2,18,141,141,4241.650005340576,2065.0735196212418,0.4868561802650264,0.27450980392156865
BANDOLINOBLU,1,1,4,4,96.0,47.9040001630783,0.4990000016987323,0.0
Arianne,1,15,90,90,3352.4600162506104,1553.2264200025538,0.46330945409445373,0.2222222222222222
Cleo,1,3,15,15,568.0,273.38100018166006,0.4813045777846128,0.16666666666666666
!it Jeans,3,13,75,75,2339.93998336792,1146.0874529159337,0.48979352507424073,0.4411764705882353
Lost,2,4,37,37,1454.0,586.5779972970486,0.4034236570131008,0.3076923076923077
Ingrid & Isabel,1,10,43,43,1782.9899978637695,1020.3067967964008,0.5722448235934288,0.375
CorsetDeal,1,10,51,51,2285.499965667725,1070.0367855030895,0.4681849930330105,0.15
TUMI,1,11,81,81,4076.8099842071533,2412.6518766988315,0.591798952132923,0.15789473684210525
Parke & Ronen,1,17,106,106,7406.81999206543,2921.603795212822,0.3944477924861946,0.2608695652173913
Stormy Kromer,4,5,43,43,3433.029960632324,1769.5944882545282,0.5154614170418104,0.17647058823529413
Sierra Designs,1,3,14,14,1359.3999633789062,763.8059577428294,0.5618699266728856,0.4
Taxi Wallet,1,1,5,5,147.0,87.4650002354756,0.5950000016018748,0.5
Jezebel,1,21,123,123,2833.3300132751465,1396.1626901166028,0.49276387980753744,0.37777777777777777
Dosh,2,8,47,47,2519.0,1434.9480033046566,0.5696498623678669,0.2777777777777778
David's Bridal,2,12,64,64,2167.0,1013.3910002764314,0.46764697751565826,0.23529411764705882
Evan Picone,2,36,192,192,17803.350074768066,7310.426594782557,0.41062084181242464,0.24561403508771928
Oscar de la Renta,3,16,102,102,5158.290012359619,2326.752232327769,0.4510704568282725,0.13157894736842105
True Nation,3,5,39,39,1699.0,848.2939990900923,0.4992901701530855,0.2
Fox Racing,5,11,57,57,2560.670008659363,1263.3706917277254,0.49337504928608994,0.2222222222222222
The TeaRoom,1,1,6,6,149.70000457763672,84.28110272889734,0.563000001013279,1.0
Girlfriends Material,1,1,6,6,149.70000457763672,79.64040266283452,0.5320000015199183,1.0
Belly Bandit,1,26,137,137,7092.499805450439,3951.567081515452,0.5571472950170199,0.3191489361702128
Legend,1,2,14,14,449.550006866455,220.8789031072541,0.4913333327405981,0.2857142857142857
Enjoi,2,3,16,16,529.6600112915039,231.35940471843477,0.4368073854665681,0.6666666666666666
Golds Gym,3,8,35,35,660.7000198364258,321.0119100274978,0.4858663544568577,0.1875
Prontomoda,2,10,72,72,5667.299842834473,3316.175758160749,0.5851421047279862,0.32
Bolzano,1,9,55,55,2927.899913787842,1755.9627520219426,0.5997345550484487,0.21052631578947367
Aimee Gowns,2,2,14,14,589.3500099182128,283.00215395559957,0.48019368659190026,0.2
Bolle,1,4,22,22,629.950008392334,359.9032538627181,0.5713203414048845,0.3333333333333333
The Pajamagram Company,1,33,208,208,8607.350101470947,4134.057195221301,0.4802938356736314,0.25
Fashion Victim,4,14,95,95,2452.3099880218506,1398.8197368248427,0.5704090199270432,0.2857142857142857
Sons Of Anarchy,3,21,135,135,3260.040033340454,1410.838868125495,0.4327673444794651,0.26666666666666666
Jumpin Jammerz,1,3,20,20,799.8400268554688,376.874622228618,0.4711874994682147,0.0
Alexander Del Rossa,3,52,339,339,11547.240040779114,5719.655202077903,0.4953266046153819,0.2542372881355932
Firefly,1,1,8,8,199.9600067138672,88.18236288930414,0.4409999996423721,0.0
So-So Happy,1,2,9,9,349.9300117492676,194.9610067508705,0.5571428577282599,
JUMP,1,3,14,14,557.7000160217285,318.9060092682392,0.5718235612455395,0.2
True Religion,12,140,936,943,141829.72959899902,68119.32200909746,0.4802894442631598,0.2664756446991404
Aloha,1,1,7,7,299.9400100708008,160.76784493312596,0.5359999984502792,0.3333333333333333
Longitude,1,4,22,22,919.8200302124023,539.5045657732345,0.5865327434200944,0.2727272727272727
LabelShopper,10,42,271,271,3204.0599761009216,1667.180948906003,0.5203338768130132,0.3137254901960784
The Hong Kong Silk Co.,2,4,29,29,1494.749984741211,816.6300410113563,0.5463321955830233,0.25
Minecraft,2,7,44,44,1147.4000091552734,515.2065442311495,0.44902086466815466,0.13333333333333333
Inches Off,2,5,20,20,689.8500175476074,398.53317888766986,0.5777098916434638,0.4444444444444444
Sanctuary,7,31,194,194,10670.330017089844,5407.431276033924,0.5067726365888645,0.3275862068965517
Plan B,2,2,23,23,1173.0,709.676001271233,0.6050093787478542,0.0
555 Turnpike,4,4,25,25,879.9800033569336,444.9505612985366,0.505637127663295,0.18181818181818182
Christmas Story,1,1,4,4,100.0,61.70000024139881,0.6170000024139881,1.0
C-Panty,1,4,29,29,1380.9599914550781,790.4881931907117,0.5724193300906545,0.25
C-IN2,2,40,315,315,6126.619998931885,3274.667054794426,0.534498149936724,0.26666666666666666
Burton,2,10,62,62,2875.4999656677246,1405.3004797400893,0.48871517875805714,0.3333333333333333
Electric,3,8,54,54,2735.60001373291,1498.4733580399595,0.5477677111118273,0.2222222222222222
Eileen West,1,11,67,67,2962.0,1141.4019942712039,0.38534841130020386,0.3181818181818182
7 For All Mankind,6,175,1156,1158,135290.69039154053,64383.32474288216,0.47588880326172045,0.24879227053140096
Japanese Weekend,1,6,32,32,1283.5400009155273,706.0196982760422,0.5500566384938921,0.23076923076923078
Altamont,6,15,105,105,4744.47998046875,2382.8120032794677,0.5022282764578233,0.275
Fitness Etc.,1,4,27,27,625.7299995422363,268.5082397997913,0.42911198119991556,0.5
JAG Jeans,3,6,26,26,875.6000061035156,414.2870432903869,0.47314646003029937,0.375
Williams Cashmere,2,9,55,55,3661.4499740600586,1868.4132379508387,0.5102932584598495,0.30434782608695654
Beauty Night,1,7,38,38,1692.3900146484375,774.3681675475558,0.45755893195128333,0.35714285714285715
DTL Down The Line Sportswear Inc.,1,1,7,7,364.0,226.7719998806715,0.6229999996721745,0.0
Marithe Francois Girbaud,1,1,4,4,208.0399932861328,94.03407687853098,0.4519999995827675,0.0
Wrapper,2,9,51,51,1045.5999946594238,573.3327979024806,0.548328998499305,0.3333333333333333
necessary objects,1,1,6,6,211.16000366210938,126.4848416870123,0.598999997600913,0.0
SleepytimePjs,1,7,38,38,1652.3500251770017,638.9195080289018,0.3866732219527518,0.11764705882352941
Kawasaki,1,5,33,33,1152.9000167846677,506.37975608580723,0.43922261142649116,0.3333333333333333
kensiegirl,1,1,5,5,105.9800033569336,58.50096194205615,0.5520000008400529,0.0
Walking Dead,1,5,20,20,387.89000129699707,156.53339066240437,0.4035509813065558,0.14285714285714285
wear ease,1,1,7,7,212.0,92.64400018006563,0.4370000008493662,0.6666666666666666
525 America,3,3,23,23,2162.1499786376953,1279.939336750615,0.5919752789568583,0.125
Pull-in,3,15,92,92,2467.0000610351562,1290.4804628496051,0.5230970534747851,0.3333333333333333
Silverado,1,1,5,5,269.7500038146972,167.7845027425438,0.6220000013709068,0.0
Kahala,1,2,14,14,644.0,299.17199984937906,0.46455279479717243,0.2
Spanx,5,19,113,113,5068.0,2461.0260020005517,0.4856010264405193,0.27906976744186046
Becca by Rebecca Virtue,1,19,103,103,5722.0,3253.763990033418,0.5686410328614852,0.3125
Timberland,7,24,149,149,3224.799997329712,1631.348198842787,0.5058757753019167,0.2549019607843137
Rapid Dominance,3,4,17,17,625.4500045776366,342.6347624076061,0.5478211845869051,0.0
Swill,2,2,14,14,667.2000122070312,314.00880547928887,0.4706366902491188,0.0
BERLE,1,4,22,22,660.0,353.75999954063445,0.5359999993039916,0.3333333333333333
Fleur't,1,5,36,36,1423.7700004577637,662.5496110578024,0.46534876478980636,0.25
Generra,4,8,57,57,1252.3500022888184,621.9871014582399,0.49665596703915404,0.3333333333333333
KAMALIKULTURE,3,25,129,129,8662.869989395142,4746.120108765635,0.5478692528660492,0.23076923076923078
Freya,2,5,22,22,1016.0,579.7999984286726,0.5706692897920005,0.3
Elomi,2,4,24,24,875.1499862670898,471.1891421504975,0.5384095864073907,0.38461538461538464
Lauren by Ralph Lauren,4,7,36,36,2543.9600105285645,1424.6561029700392,0.5600151327355319,0.15384615384615385
White Sierra,3,3,25,25,843.0500144958496,442.1801578160239,0.5245005043745252,0.5
Fit2BMom,1,4,26,26,715.209997177124,386.2717972161591,0.540081652578603,0.3
Cruel Girl,1,5,30,30,1519.7599868774414,695.4506237996899,0.45760556259188667,0.1111111111111111
Michael Stars,5,7,30,30,2811.1200065612793,1457.6805819198414,0.5185408586319865,0.1111111111111111
Kate Spade,2,19,90,90,9801.260032653809,5628.037646811861,0.5742157261476107,0.21428571428571427
Sharon Max,1,1,4,4,116.0,48.71999999135733,0.4199999999254942,0.0
Dallin Chase,2,4,15,15,372.5,186.6145000960678,0.500978523747833,0.16666666666666666
MAXSTUDIO,7,19,101,101,9194.0,4978.6779942549765,0.5415138127316703,0.4117647058823529
[BLANKNYC],4,14,85,85,4648.700012207031,2317.2117875885824,0.4984644699601633,0.18518518518518517
Gabby Skye,1,9,46,46,2454.0000343322754,1330.8420216637405,0.5423154046637403,0.17647058823529413
bebe,9,25,132,132,9304.0,4552.812003508909,0.4893392093195302,0.29411764705882354
TAVIK,2,2,18,18,829.9699935913086,332.89736631674805,0.4010956647676981,0.2222222222222222
BB Dakota,7,21,106,106,7913.959991455078,4413.2705615330415,0.5576564155363651,0.15384615384615385
Maternal America,1,15,72,72,4849.009994506836,2729.738460976985,0.5629475839541161,0.2916666666666667
Gold Series,2,2,15,15,1069.0,641.3140015900135,0.5999195524696104,0.2857142857142857
CEP Compression Socks,3,3,15,15,844.9000053405762,428.679551855956,0.5073731200689918,0.0
Teeki,1,1,4,4,179.85000228881833,110.78760080959796,0.61599999666214,0.3333333333333333
Stussy,1,1,10,10,479.60000610351557,196.15640159586658,0.4089999981224536,0.6666666666666666
Worn Jeans,2,2,12,12,688.2199935913086,346.5543972333505,0.503551771904999,0.0
Rawik,1,1,7,7,299.950008392334,152.67455415548832,0.5089999996125698,0.5
Dunbrooke,1,1,6,6,239.9600067138672,149.25512355519749,0.6219999974127859,0.5
Bluefin USA,1,1,6,6,239.9600067138672,94.78420232122687,0.39499999862164253,0.0
HQ ISSUE,1,3,25,25,1019.8300285339355,610.2182951889794,0.5983529393287265,0.5384615384615384
Weatherproof,5,9,64,64,2360.6299839019775,1238.438588397043,0.5246220698891486,0.16666666666666666
Stone Touch,2,2,13,13,572.8800201416016,282.10014911776835,0.49242448540628153,0.0
Jordan,5,6,34,34,15169.52001953125,7522.78626394117,0.4959145875581652,0.1
Crazyheads,1,5,33,33,1619.7499504089355,878.2144425056641,0.5421913686639983,0.3
Switchblade Stiletto,4,5,35,35,1764.0,947.0880013480783,0.5368979599478901,0.3333333333333333
P.J. Salvage,1,2,9,9,480.0,192.11999924853444,0.40024999843444675,0.0
Trafalgar,1,1,7,7,300.0,181.80000046268106,0.6060000015422702,0.4
Sunsets,1,8,42,42,2806.0,1599.9119946528226,0.5701753366546054,0.0
Bass,3,3,16,16,304.8000030517578,129.35760115208626,0.42440157433371206,0.5
Olian,2,10,56,56,4547.910018920898,2393.2428538688227,0.5262291566702275,0.25
La Blanca,1,12,53,53,3139.10001373291,1808.9484815079782,0.576263411039535,0.38461538461538464
MariaE,1,3,20,20,1156.800033569336,557.7822158959685,0.48217686696888945,0.375
Folter,2,5,35,35,1656.6300010681152,875.2155616321695,0.5283108244254134,0.3333333333333333
Irall,1,3,15,15,888.1399841308594,413.2050535219409,0.46524766467563844,0.4
Bayside Apparel,2,2,16,16,498.11999893188477,222.00067944859683,0.44567710576694636,0.25
Eco Swim,1,1,11,11,448.0,261.631999284029,0.5839999984018505,0.4
Girbaud,1,2,9,9,448.0,196.35199987888336,0.43828571401536465,0.16666666666666666
Lanz of Salzburg,1,1,9,9,448.0,189.95199942588806,0.42399999871850014,0.2
Lysse Leggings,2,2,6,6,332.0,149.49200005829334,0.4502771086093173,0.0
DAVID Seeds,2,7,47,48,2220.8899879455566,877.6939820975217,0.3951992160176453,0.47058823529411764
Leon Levin,1,1,5,5,194.84999084472656,116.13059470605253,0.596000000834465,0.3333333333333333
Tipsy Elves,1,4,29,29,1428.8999328613281,750.3673142487227,0.5251363632904197,0.5
Insound,1,1,8,8,390.0,203.57999959029257,0.5219999989494681,0.0
Brooks,5,8,52,52,2286.0,1140.2329987492412,0.49878958825426123,0.35294117647058826
CORDOVAN & GREY,1,2,18,18,910.0,499.459999629762,0.5488571424502879,0.5
Ted Baker,9,22,138,138,15261.900043487549,8204.78301648625,0.5375990534014365,0.2708333333333333
Hip,1,8,36,36,759.1200122833252,345.54341638907806,0.4551894440903126,0.3076923076923077
HipSlimmer,1,1,9,9,396.0,213.8399996459484,0.5399999991059303,0.5
Faconnable,6,14,97,97,14783.200004577637,7644.984872916482,0.5171400556408087,0.2857142857142857
Cutter & Buck,4,5,37,37,2209.9499893188477,1054.084946094679,0.4769723076039245,0.21428571428571427
SportHill,2,5,21,21,1639.8499908447266,957.7901918430452,0.5840718341253057,0.1111111111111111
KNOTHE SPA,1,2,13,13,491.75,307.2792505354155,0.62486883687934,0.3333333333333333
Topo Ranch,1,1,4,4,204.0,101.59199993312359,0.49799999967217445,1.0
Belly Armor,1,2,10,10,485.57999420166016,283.2370753874426,0.5832964264788366,0.2
BiFlex Intimates Group,1,1,7,7,411.3599853515625,186.3460732600522,0.45299999974668026,0.0
Cheap Monday,4,7,60,60,3295.6400146484375,1617.7217297328177,0.49086724355280903,0.1111111111111111
Annee Matthew,1,6,32,32,1973.0,1130.171998469159,0.5728190564972929,0.5
Request,1,3,24,24,667.2900009155273,307.6982714313041,0.46111626280798385,0.3333333333333333
Marc New York by Andrew Marc,2,18,135,135,22343.929931640625,12193.357308617024,0.545712296177153,0.29545454545454547
Jess and Jane,2,6,27,27,1357.800033569336,692.8797163244478,0.5102958456283364,0.1111111111111111
D&G Dolce & Gabbana,5,9,48,48,3425.0599517822266,1894.3396078855121,0.5530821750725252,0.3157894736842105
Alex Cannon,1,5,36,36,1819.7399444580078,934.0165199745379,0.5132692299353389,0.18181818181818182
Suncloud,2,12,79,79,2425.969970703125,1375.0034065737966,0.5667850068957268,0.23333333333333334
Penbrooke,1,1,7,7,209.9699935913086,118.63304607403168,0.5649999985471368,0.5
Fishworks,2,2,13,13,629.9099807739258,266.38193094755474,0.4228888874252637,0.2857142857142857
A shore Fit,1,1,3,3,139.97999572753906,79.08869738268778,0.5649999985471368,0.0
The Best Dressed,1,1,5,5,279.9599914550781,112.82387614652413,0.40299999853596097,0.25
Vineyard Vines,1,1,4,4,139.97999572753906,55.71203807767671,0.397999998414889,0.6666666666666666
Field and Stream,1,1,6,6,280.0,157.91999967768788,0.5639999988488853,0.3333333333333333
Throwdown by Affliction,1,2,13,13,700.0,302.81999943777924,0.4325999991968275,0.3333333333333333
Boca,1,4,15,15,265.0,110.19799975422211,0.41584150850649854,0.5
Ann Michell,1,1,6,6,358.49998474121094,180.32549250111728,0.5030000004917383,0.0
The Scarf Company,1,2,16,16,432.0,252.0000008046627,0.5833333351959785,0.42857142857142855
Bellfield,1,2,18,18,945.8499908447266,566.5164958067088,0.5989496233972156,0.125
DL1961,3,20,125,125,12566.339981079102,5899.919616047487,0.46950182988291606,0.3409090909090909
Rock Revival,2,33,220,220,23224.57992553711,10785.219305805802,0.4643881327621634,0.24358974358974358
PacificPlex,1,1,5,5,295.9599914550781,171.0648755373311,0.5780000016093254,0.5
TC Fine Intimates,1,1,10,10,518.0,228.95599989965558,0.4419999998062849,0.6666666666666666
Swim Systems,1,7,33,33,2472.0,1481.0579950567335,0.5991334931459278,0.625
Bear Grylls,2,3,24,24,2301.5399780273438,1272.3892639083872,0.5528425645679879,0.3333333333333333
BLOOMINGDALES,1,5,36,36,2715.0,1336.2800003401935,0.49218416218791655,0.38461538461538464
KidRobot,1,1,10,10,675.0,300.37499957252294,0.44499999936670065,0.0
Seraphine,1,2,13,13,750.0,439.79999804869294,0.5863999973982572,0.2
Dylan George,1,1,7,7,375.0,194.2500004079193,0.5180000010877848,0.3333333333333333
Vivienne Westwood,4,6,37,37,8237.609992980957,4939.785112573002,0.5996624162569069,0.26666666666666666
SZ,2,3,15,15,637.8700065612793,344.5527934664926,0.5401614591097597,0.0
Sweet Pea,1,1,6,6,390.0,174.720000308007,0.44800000078976154,0.5
Profile,1,7,56,56,2301.890007019043,1193.4407159381262,0.5184612263396707,0.23809523809523808
Liverpool Jeans Company,1,6,42,42,2489.0,1168.6230030695442,0.4695150675249274,0.375
Brigi Pj's,1,1,11,11,474.0,186.2819991912693,0.3929999982938171,0.75
Liverpool,1,1,4,4,316.0,148.20400016009808,0.4690000005066395,0.0
Robbi & Nikki,3,4,19,19,2158.8999938964844,948.6323922715544,0.43940543561696804,0.2
Paul Malone Vest,1,2,15,15,878.900016784668,506.9655107398499,0.576818183022128,0.2
Kasper,2,31,167,167,19141.660049438477,7666.4914062345315,0.40051340303995364,0.24615384615384617
Cardi International,1,9,56,56,3985.69985961914,2436.035219085969,0.6111938442145386,0.1111111111111111
Bradford Exchange,1,3,13,13,719.5499725341796,387.8374346859514,0.5389999992912634,0.3333333333333333
Abini,1,14,88,88,5596.649795532226,3335.0803853375055,0.5959065703914298,0.2727272727272727
Cardi,1,1,5,5,399.7499847412109,228.25724221648267,0.571000002324581,0.0
Landisun,2,7,48,48,2299.6399421691895,1370.3847094563191,0.5959127271740078,0.3125
TURKISHTOWELS,1,1,7,7,559.9299850463867,201.01486316317798,0.3589999973773956,
Crooks & Castles,3,6,36,36,2246.0,1062.3099979124963,0.47297862774376503,0.2222222222222222
Filson,6,17,112,112,11852.0,6225.619995303219,0.5252801211021954,0.3055555555555556
Schaefer Outfitters,2,3,16,16,2090.0,1127.2799979150295,0.539368420055038,0.16666666666666666
Rombo,1,1,9,9,563.5,322.8854993954301,0.5729999989271164,0.0
Patterson J. Kincaid,3,3,13,13,1304.8700256347656,664.7232428579744,0.5094172061578423,0.5
TAIGA,1,1,3,3,242.8499908447265,137.210244926786,0.5650000004097819,0.0
SPY,2,11,73,73,5021.689880371094,3021.6116170314435,0.6017121106666491,0.38461538461538464
BedHead,1,12,59,59,7303.8800048828125,2964.2906726516408,0.4058515023069853,0.17647058823529413
Robert Rodriguez,7,14,75,75,15604.110000610352,8977.034542299445,0.5752993629209426,0.2
HARAJUKU LOVERS,1,1,5,5,410.0,211.969999615103,0.5169999990612268,0.0
Tory Burch,2,2,12,12,748.620002746582,460.1517625893333,0.6146666678703493,0.25
Fresh Laundry,4,7,36,36,1754.1600036621094,866.106640814141,0.4937443785093692,0.3125
ComfortWear,1,4,19,19,1489.5599822998047,686.3506731543538,0.460774108669772,0.2857142857142857
Mammut,3,3,16,16,2734.679916381836,1560.3874391975853,0.5705923497116555,0.0
Ballin,1,4,32,32,3399.9499893188477,1925.2749400413886,0.566265664521466,0.36363636363636365
Tracy Reese,3,5,30,30,4126.929985046387,2156.3372544741824,0.5225039587023537,0.2222222222222222
Brooks Brothers,1,1,8,8,528.0,277.2000001966953,0.525000000372529,0.0
Sucette Rose,3,3,17,17,874.0,502.0400002375245,0.5744164762443073,0.625
Barefoot Dreams,3,6,34,34,2873.0,1378.0459996769205,0.4796540200755031,0.3076923076923077
SGG,1,1,6,6,444.94998931884766,259.85079491587425,0.5840000025928019,0.25
Peter NygÃ¥rd,1,1,6,6,445.0,279.01499890256673,0.6269999975338578,0.0
Carraig Donn,1,1,8,8,623.0,340.1580003458075,0.5460000005550683,0.0
Armada,1,2,13,13,1019.5499725341798,478.8895872341708,0.4697068315777099,0.3333333333333333
Irish Setter,1,2,15,15,1094.920021057129,592.2163688928832,0.5408763722496436,0.42857142857142855
Free Country,2,5,32,32,1046.9099864959717,544.4853694529113,0.5200880462276557,0.3076923076923077
Bonus,2,2,11,11,485.9099884033203,245.5319841992876,0.5053034307981511,0.25
Tokyo Five Brand,1,1,5,5,360.0,188.279999345541,0.5229999981820583,0.0
Stella & Jamie,3,5,46,46,3317.4900550842285,1869.7459118020524,0.5636025672289713,0.5714285714285714
Trina Turk,7,27,148,148,22919.749923706055,12908.89218708124,0.5632213366224159,0.2727272727272727
RAB,2,3,16,16,3099.699981689453,1740.3064881651326,0.5614435262914058,0.2857142857142857
McGinn,2,9,56,56,7298.679977416992,4502.38876555327,0.616877131136618,0.2916666666666667
Maglierie Di Perugia,1,4,25,25,1919.7999572753904,982.2656483194643,0.5116500000935049,0.07692307692307693
Cowgirl Tuff,1,1,8,8,575.9399871826171,242.47073465537477,0.42100000008940686,0.5
MEK Denim,1,3,18,18,2245.0,1024.8300023563206,0.4564944331208555,0.0
Star Dancewear,1,1,6,6,588.0,317.5199994742871,0.5399999991059304,0.0
Aventura,1,1,3,3,197.89999389648435,112.60509655364002,0.5690000001341103,
NygÃ¥rd Collection,1,1,5,5,495.0,322.73999942466617,0.6519999988377094,0.0
Ducati,1,1,5,5,495.0,231.1650000885129,0.46700000017881393,0.0
West End,1,1,6,6,299.8499908447265,158.32079430813786,0.5279999971389769,0.6666666666666666
Postage,1,2,12,12,899.9099807739257,414.2585611652417,0.46033333335071797,0.5
Theory,3,3,15,15,1999.86994934082,1076.7319443267907,0.5384009818646927,0.0
Corset-story,1,11,72,72,4464.949998855591,2092.3335532199076,0.4686129864290065,0.2692307692307692
PureLime,2,2,16,16,1400.0,720.1999999582767,0.5144285713987691,0.25
Derek Rose,1,9,58,58,9362.5,5676.715014828369,0.6063247011832704,0.34782608695652173
Apparel,1,1,5,5,500.0,233.50000008940697,0.46700000017881393,0.0
Kristen Blake,1,3,19,19,1921.1599731445312,1078.435386341429,0.5613459583879727,0.42857142857142855
10 Deep,1,1,9,9,727.6499786376954,352.182590463014,0.48400000110268593,0.0
Eliza J,1,9,46,46,5892.00016784668,3185.4537336426206,0.5406404689236105,0.26666666666666666
Nasty Pig,1,2,11,11,1059.5999755859375,498.61933997474773,0.47057318937651094,0.5
Sassimi,1,1,2,2,222.72000122070312,99.11040060958862,0.4450000002980232,
Habitual,1,2,12,12,1012.5,488.9250000938773,0.4828888889816072,0.2857142857142857
MiH Jeans,3,4,28,28,4801.5,2565.85949796997,0.534387066118915,0.2857142857142857
Rebel,1,1,11,11,839.8600234985352,409.0118312185185,0.486999999731779,0.25
Moods of Norway,2,6,41,41,3558.919990539551,1883.680873792296,0.5292844117877233,0.4117647058823529
Queen,2,3,19,19,596.9099979400635,260.30864951414463,0.4360936328968686,0.5
Telegraph Hill Luxury Spa Robe,1,1,4,4,480.0,183.35999965667725,0.38199999928474426,0.0
HARVEYS,1,2,14,14,1188.0,713.0520015209913,0.600212122492417,0.0
Rodd & Gunn,2,8,50,50,6175.0,3050.915000885725,0.49407530378716197,0.125
Yoana Baraschi,3,7,40,40,6864.310028076172,4053.4577890654214,0.5905120503715746,0.26666666666666666
Haute Hippie,1,1,9,9,540.0,252.18000009655952,0.46700000017881393,1.0
Magicsuit,1,2,10,10,1183.0,709.4359971508384,0.5996923052838871,0.25
The Collection by L*Space,1,1,5,5,576.0,332.35199895501137,0.5769999981857836,0.3333333333333333
PEERLESS,1,1,4,4,298.0,174.3300005439669,0.5850000018253922,1.0
Scully,1,1,7,7,894.0,547.1280014254153,0.6120000015944242,0.2
Spyder,2,3,18,18,4249.399963378906,2314.676729656232,0.5447067232089208,0.16666666666666666
Overland Sheepskin Co,2,5,36,36,9214.0,5001.353998536244,0.542799435482553,0.3076923076923077
Under Two Flags,2,2,14,14,899.5999984741211,445.9051973883986,0.4956705181688882,0.6
Plenty by Tracy Reese,3,7,36,36,7698.0,3951.446008816827,0.5133081331276731,0.2222222222222222
Ali Ro,1,1,8,8,793.7999725341797,460.40398412896695,0.5800000000745058,0.5
Georgie,3,3,22,22,1174.4800338745117,649.2841971066964,0.5528269347966368,0.2
Addison,1,1,8,8,1141.0,668.6259990818799,0.5859999991953373,0.0
Farah,2,2,23,23,1865.0,973.9149994216858,0.5222064340062659,0.375
Zinke,1,1,4,4,660.0,300.3000006638468,0.4550000010058285,0.0
Myne,4,4,20,20,1424.1300067901611,750.7821044791061,0.5271864934376952,0.3333333333333333
Frankie B.,2,3,15,15,493.5,241.79800010938197,0.4899655523999635,0.5
Landing Leathers,1,2,14,14,1979.8900604248047,1071.3005096028971,0.5410909075289965,0.5
Marc by Marc Jacobs,1,1,4,4,719.9600219726562,330.46165061113305,0.45900000073015695,0.0
Bertolini,1,1,10,10,1849.4999694824216,1063.4624845193696,0.575000001117587,0.0
Agave,1,3,18,18,2340.0,1106.405001435778,0.47282265018622993,0.5714285714285714
VIPARO,2,2,7,7,1139.699981689453,632.5334905594176,0.5550000006332994,
Klymit,1,1,7,7,819.7999877929686,403.3415936826333,0.4919999996200204,0.5
Karla Colletto,1,4,26,26,5790.600021362305,3342.9966073776122,0.5773143707119895,0.1111111111111111
St Croix,1,2,17,17,3060.0,1456.7399993911386,0.4760588233304374,0.2857142857142857
Madison,1,2,13,13,2064.0,918.2220024950802,0.4448750012088567,0.25
Boston Harbour,1,1,5,5,247.5,135.38249960169196,0.5469999983906746,1.0
Cluny,3,3,22,22,4892.800048828125,2623.8024250880535,0.5362578480427543,0.2222222222222222
Tiffany,1,1,5,5,1070.0,653.7700015306473,0.6110000014305115,0.0
RMC Martin Ksohoh,1,1,3,3,544.0,263.8400001823902,0.4850000003352761,0.0
Rebecca Taylor,2,4,25,25,6780.0,3613.290006313473,0.5329336292497748,0.4444444444444444
Bergama,1,1,4,4,2999.9599609375,1772.9763425466263,0.5910000018775463,0.0
marshal,1,1,7,7,0.0799999982118604,0.046799999099970006,0.5850000018253959,0.5
Star,2,2,8,8,9.100000262260439,4.924920145759286,0.5412000004202128,0.5
Palmetto Fundraising,2,4,23,23,36.20000076293945,21.324200474007245,0.589066299021694,0.36363636363636365
TopTie,3,17,113,113,902.9299900531769,499.4413253991175,0.553134053471525,0.24242424242424243
HDE,2,6,54,54,169.2400026321411,101.389271762338,0.5990857373284082,0.2222222222222222
Tok Tok Designs,1,5,30,30,79.65000128746033,45.57160086258092,0.572148149729603,0.14285714285714285
HYP,4,6,28,28,192.65000081062317,98.9415505924381,0.5135818851602219,0.36363636363636365
Keds,1,1,4,4,10.5,5.586000015959143,0.5320000015199183,0.0
Sock Company,1,1,7,7,17.999999523162842,6.623999770343303,0.36799999698996533,0.6666666666666666
Locs,1,2,18,18,52.96000051498413,33.3474003429547,0.62967145050385,0.2222222222222222
Wurl,1,2,8,8,50.600000619888306,23.91680032893717,0.47266403233079574,0.0
Luxury Divas,6,57,325,327,3578.679974794388,1981.0065976424978,0.5535579072717492,0.3739130434782609
Plastics Made in U.S.A.,1,1,6,6,19.90000009536743,12.417600093314052,0.6240000016987324,0.0
MCap,2,2,15,15,45.65000104904175,24.858500641748314,0.5445454560897568,0.3333333333333333
X-Loop,1,1,5,5,12.809999942779541,8.300879987354278,0.6480000019073486,0.6666666666666666
SK Hat shop,4,75,425,425,4789.310049057007,2526.8264946639088,0.527597183891118,0.2642857142857143
Fashion Gloves,1,1,3,3,9.979999542236328,5.5189397777891145,0.5530000030994415,
Loravicci,1,1,7,7,29.939998626708984,14.101739378163813,0.471000000834465,0.5
Levusha Fashions,1,4,17,17,104.25,48.91425009886734,0.4692014397972887,0.2
beltiscool,1,1,4,4,20.360000610351562,11.645920361863375,0.5720000006258488,0.0
NYGiftStop Scarf,2,3,18,18,85.34999656677246,49.15475810902264,0.5759198604134337,0.0
NYGiftStop Knit Hat,1,1,5,5,16.469999313354492,9.766709613802805,0.5930000012740493,0.3333333333333333
Wigwam,5,60,393,393,5282.699988365173,2505.805265748734,0.4743417705468072,0.2518518518518518
GirlPROPS,2,3,21,21,87.44999885559083,52.85477941482634,0.6044000012179216,0.4
Braza,2,32,166,167,1383.689992904663,639.7891176445796,0.46237894392914164,0.24489795918367346
Diva,1,2,8,8,39.53999996185303,16.56492991014168,0.41894107046340445,0.3333333333333333
NYGiftStop Winter,1,1,2,2,11.979999542236328,7.008299742919206,0.5850000008940697,
Selini NY,2,2,14,14,64.09999847412108,37.58823910560667,0.5864000000059605,0.3333333333333333
Sock It To Me,3,56,311,311,2968.389973640442,1579.2096961199609,0.5320088364882912,0.2727272727272727
Just My Size,3,9,62,62,693.8400044441223,323.1359722476016,0.4657211607544676,0.375
Ilusion,3,55,312,312,2739.8299593925476,1276.0055108936508,0.4657243441401583,0.34513274336283184
Aquapro,1,2,6,6,33.140000343322754,20.296760267255607,0.6124550409470687,0.0
CUA,1,7,37,37,317.9099998474121,163.37715966024123,0.5139100995208005,0.14285714285714285
Projeck Raw,1,1,7,7,48.78999853134155,24.05346921997026,0.49299999885261064,0.0
George,1,1,6,6,20.969999313354492,9.373589706193506,0.44700000062584877,0.0
Ecosox,1,2,8,8,54.92999839782715,20.575979308369558,0.3745854707540548,0.2
Gravity,2,2,11,11,56.15999984741211,30.0736800358665,0.5355000020936131,0.5
Tapp Collections,1,6,43,43,241.85999536514282,145.40068769248714,0.6011770878973666,0.5333333333333333
Tresics,3,5,27,27,189.29999446868894,92.54689761795697,0.4888901232021147,0.45454545454545453
Go Gloves,1,2,14,14,127.4499979019165,79.52654888377225,0.6239823475318895,0.5
007Lingerie,3,3,14,14,58.55999994277954,29.194739951567946,0.4985440570371391,0.6666666666666666
Coool,1,1,5,5,23.96999931335449,13.51907955165401,0.5639999974519013,
Dance 4 Less,2,2,10,10,63.919998168945305,37.44912905307755,0.585875001968816,0.0
DeFeet,3,5,36,36,328.62998962402344,169.59845413658851,0.5160772281635692,0.2222222222222222
Essential Apparel,2,3,21,21,238.39999389648438,126.42119640742544,0.5302902669633405,0.0
Turtle Fur,2,2,14,14,107.39999771118164,62.25619887543021,0.5796666685491799,0.0
D&Y,2,2,10,10,62.92999839782715,29.658009233398143,0.4712857141026429,0.25
Xfy,3,13,70,70,747.739987373352,402.55820309723316,0.5383665577540296,0.2857142857142857
PowerSox,2,3,24,24,162.0,80.40599966794252,0.4963333312835958,0.16666666666666666
Briefly Stated,2,28,181,181,2558.9199810028076,1445.8965707746042,0.5650417291313564,0.24615384615384617
Cheerleading Company,1,2,13,13,147.2999973297119,76.00679873407331,0.516000000759959,0.0
Fullness,2,10,49,49,945.2800025939941,454.0063313822665,0.480287671522092,0.15
Zenana,2,5,27,27,297.7299976348877,163.51832791331046,0.5492168381159774,0.375
DPC/Scalar,2,2,15,15,109.5600004196167,65.01888051735878,0.5934545479037545,0.3333333333333333
Polar,1,2,11,11,79.91999816894531,30.84911920471407,0.3859999988926574,0.0
Katnap,1,7,37,37,605.7299938201904,236.59227685696288,0.3905903278205417,0.16666666666666666
Private Member,1,1,5,5,39.959999084472656,21.258719489940184,0.5319999994244426,0.0
Wayfarers,2,4,32,32,269.72999382019043,153.0667767226187,0.5674814823325036,0.18181818181818182
Dr. Comfort,2,2,14,14,119.87999725341797,59.62031850720227,0.49733333227535087,0.0
Noble Mount,2,3,20,20,434.84000968933105,249.36230621068813,0.5734575951022621,0.0
Belts.com,1,2,18,18,155.95999908447266,100.71407986323356,0.6457686615443218,0.3333333333333333
Ann West,1,4,25,25,212.80999565124512,103.67075809006089,0.48715173257161015,0.1111111111111111
Styles For Less,4,4,19,19,213.8599967956543,107.99434811703637,0.5049768527782511,0.4444444444444444
Florsheim,1,7,48,48,625.0,251.9699990702793,0.4031519985124469,0.10526315789473684
Donna Di Capri,2,4,20,20,215.0,105.53500016219914,0.49086046587069365,0.2222222222222222
Dr. Scholl's,1,7,60,60,764.370002746582,294.20924978331476,0.3849042331935368,0.23809523809523808
SWG EYEWEARÂ®,2,3,22,22,178.3299961090088,101.54319793761071,0.5694117655648903,0.25
Crystalcity-6662,1,1,5,5,42.0,19.65600002417341,0.46800000057555735,0.25
Blue Line,1,5,39,39,345.11999797821045,183.31247867438003,0.5311557711760119,0.4444444444444444
Active Products,3,9,55,55,1227.6000347137451,644.18255685663,0.5247495427179929,0.3181818181818182
Celina,2,5,30,30,348.7699947357178,174.42146746431732,0.5001045677581469,0.36363636363636365
Cecilia de Rafael,1,4,14,14,185.39999771118164,104.63276908444567,0.564362299763584,0.3333333333333333
Lily's Hosiery,1,1,5,5,43.959999084472656,17.012519568394424,0.386999998241663,0.3333333333333333
STYLE,3,7,38,38,457.6599922180176,216.2189257822929,0.4724444554010561,0.0
Harmonie,3,9,39,39,364.0,225.76500041410327,0.6202335176211629,0.2857142857142857
VH Apparel - Kissables,1,1,3,3,34.46999931335449,22.095269650261404,0.6410000026226045,0.0
Munsingwear,1,11,85,85,1208.8600006103516,625.9642096922892,0.5178136503616968,0.2916666666666667
Huf,1,1,5,5,47.79999923706055,17.399199725139145,0.3640000000596047,1.0
Lauren Silva,1,1,5,5,59.80000019073486,28.22560013580658,0.4720000007655472,0.0
Comfort Zone,1,8,69,69,778.4899883270264,443.14578452596754,0.5692376153459431,0.4
Artwedding,1,7,47,47,553.6699924468994,259.71319678207317,0.4690758038634022,0.1875
Pink Lipstick,1,1,7,7,59.94999885559082,25.538699455308915,0.4259999990463257,0.3333333333333333
Pony,1,1,8,8,71.93999862670898,40.14251911364078,0.5579999983310698,0.4
Kurochiku,1,1,8,8,95.91999816894531,57.45607904157423,0.5990000014426188,0.0
BonWorth,1,1,6,6,59.94999885559082,29.555349478685855,0.49300000071525574,0.3333333333333333
Cuffu Online,1,1,3,3,23.979999542236328,13.548699773523209,0.5650000013411044,0.5
Haband,1,4,22,22,207.84999656677246,115.84436794006183,0.557346018058973,0.4166666666666667
Alan Sloane,1,1,2,2,24.0,15.527999997138975,0.6469999998807906,0.0
Silly yogi,3,4,14,14,149.43999862670898,82.68363895901166,0.5532898803455546,0.5
Texcyngoods,2,2,9,9,87.5,47.725000092759736,0.5454285724886827,0.5
Paper Magic,1,1,7,7,88.61999893188475,33.85283952859401,0.38199999928474426,0.0
Sweet,1,8,50,50,682.5599956512451,266.89317726414623,0.39101790167104317,0.26666666666666666
Carrie Amber,1,1,4,4,38.69999885559081,19.001699453088634,0.4910000003874301,0.5
Dakine,3,6,35,35,710.5000009536743,410.7969012689836,0.5781800150845717,0.2222222222222222
FREEGUN,1,1,5,5,38.84999942779541,20.046599661903084,0.5159999988973141,0.6666666666666666
Omega,2,3,19,19,207.83999633789062,102.03644849828927,0.4909375014249235,0.0
vip boutique,2,2,15,15,131.90999794006348,62.80181877171558,0.47609597265137643,0.4
Shoe Hotline,1,2,8,8,65.94999885559082,33.466619428956065,0.5074544353251187,1.0
Atti Fashion,1,1,7,7,77.93999862670898,45.51695925490648,0.584000000730157,0.0
JustNeonTees,1,1,13,13,168.86999702453613,75.1471488835182,0.4450000012293458,0.0
Eurotard,1,1,6,6,64.94999885559082,23.64179958730638,0.36400000005960464,0.5
Mascot,1,1,8,8,90.92999839782715,51.92102895779282,0.5709999985992908,0.5
Brave Soul,3,3,17,17,196.60000038146973,91.69610028380674,0.4664094613727653,0.2857142857142857
eyewear,2,2,13,13,145.5299949645996,80.51777722804741,0.5532727273689075,0.0
ANS,6,16,110,110,2301.450008392334,1210.119654538982,0.5258074909844793,0.21951219512195122
Celebrity Pink,1,1,8,8,82.26000022888184,37.09926020864189,0.45100000128149986,0.4
Rene Rofe,2,12,58,58,844.009991645813,382.45345697660406,0.4531385419156268,0.25925925925925924
Sweet Dreams Maternity Wear,1,2,9,9,167.55000495910645,87.5989524579525,0.5228227386763288,0.0
ADAR UNIFORMS,1,1,7,7,69.94999885559082,38.61239944333434,0.5520000010728836,0.5
V Fraas,2,4,29,29,450.8599967956543,248.43301849099157,0.5510203172972788,0.4
Signiture,1,1,8,8,97.92999839782715,44.85193932165712,0.4580000005662441,0.3333333333333333
Fashion,1,1,6,6,83.93999862670898,44.404259359834484,0.52900000102818,
La Leela,1,3,22,22,503.8500099182129,306.131165097015,0.6075839219427772,0.25
BirthandBaby,1,2,15,15,202.0,106.76599960774183,0.5285445525135735,0.0
Echomerx,2,2,14,14,140.0,79.12800006195903,0.5652000004425645,0.14285714285714285
Forum,2,2,8,8,58.03999900817871,24.610519570197464,0.4240268778558985,0.6666666666666666
Island Escape,1,2,12,12,146.899995803833,84.99633728939095,0.5785999980755151,0.0
MR,1,1,10,10,89.69999885559082,54.716999415524306,0.6100000012665987,0.3333333333333333
Shirt City,2,6,27,27,333.10000801086426,145.84570379684604,0.43784359138198875,0.38461538461538464
Knit Caps,2,2,10,10,119.5999984741211,61.83319932161568,0.5170000009238719,0.5
LeggingsQueen,1,31,144,144,2240.150062561035,901.0942219797287,0.40224725880620665,0.37735849056603776
Squish,1,1,5,5,59.79999923706055,31.813599685007333,0.5320000015199184,1.0
YUUUP!,1,1,4,4,44.96999931335449,28.466009624322652,0.6330000013113022,0.0
Christian Audigier,2,3,25,25,405.78999519348145,195.49507748837215,0.4817641632469517,0.15384615384615385
Lily of France,2,12,66,66,1264.569990158081,621.6436755127523,0.491585029180585,0.16666666666666666
SilverHooks,1,1,7,7,44.96999931335449,29.050619627458154,0.6460000015795231,1.0
HOT,3,5,29,29,299.7999954223633,161.56221785319852,0.5389000010676683,0.3333333333333333
BeltsandStuds,1,2,6,6,74.94999885559082,47.638219374916254,0.6356000013649463,0.0
Newhattan,1,1,6,6,44.96999931335449,25.408049672354757,0.5650000013411045,0.5
CATAWBA,1,1,12,12,149.89999771118164,55.762798795637494,0.37199999764561653,0.2
ascension,1,2,11,11,134.90999794006348,66.64553911147037,0.4940000009567787,0.6666666666666666
CUTE OPTIONS,2,2,10,10,135.0,77.82000021077693,0.576444446005755,0.0
TREASURE ROCK,1,1,8,8,105.0,59.11500010639429,0.563000001013279,0.0
LAST KISS,1,1,4,4,30.0,16.32000002078712,0.544000000692904,1.0
Toezies,2,2,7,7,75.0,42.720000045374036,0.5696000006049872,0.0
M & F Western Products,1,2,19,19,348.0,128.00399905443192,0.36782758348974687,0.4444444444444444
BENNETT MALIBU,1,1,5,5,75.0,36.67500000447035,0.48900000005960464,0.0
Coobie,1,6,44,44,746.8999919891357,356.1055369382679,0.4767780703677498,0.2857142857142857
Indigo Rein,1,2,6,6,81.31999969482422,43.16575974272355,0.530813574824336,0.0
East of Maui Hawaiian Store,1,2,13,13,159.49999809265137,92.50999860852957,0.5799999982118607,0.25
Back to Back,1,1,4,4,63.79999923706055,31.006799720478057,0.4860000014305115,0.0
Pitbull,1,1,6,6,95.69999885559082,45.648899628093844,0.4770000018179417,0.0
Bungalow,2,2,13,13,191.87999725341797,96.32375862455163,0.5020000000173849,0.0
Ames Walker,1,1,3,3,47.96999931335449,20.579129593918914,0.4289999976754187,0.0
Swan,1,1,12,12,128.0,71.67999982833862,0.5599999986588955,0.0
Talos,1,2,22,22,186.0,97.39800003916025,0.5236451615008616,0.6
Touchpoint,1,2,11,11,264.0,165.35200065374374,0.6263333358096353,0.3333333333333333
Grass,1,2,11,11,225.11999702453613,114.99995854278556,0.5108384864195408,0.4
FEA,2,20,139,139,2367.2599906921387,1043.256618894518,0.44070217170759135,0.2653061224489796
My1stwish,4,4,20,20,377.30001068115234,209.30215574406316,0.5547366812055027,0.3333333333333333
Manzella,1,4,22,22,380.5999870300293,227.24904259222077,0.597081057110732,0.2857142857142857
C.C. World,1,1,8,8,101.93999862670898,48.82925937105507,0.4790000002831221,0.0
Cotton Traders,1,1,8,8,135.9199981689453,79.78503883808015,0.58699999935925,0.0
Bikinimo Swimwear,1,3,20,20,306.0,167.5859992876649,0.5476666643387742,0.14285714285714285
Kanu Surf,1,31,199,199,3422.7399921417236,1439.1844511669995,0.4204772943522518,0.3466666666666667
LCW Men's,1,2,9,9,125.92999839782715,66.90480904062144,0.5312857134267688,0.3333333333333333
French Toast,1,1,6,6,53.96999931335449,29.683499562028796,0.5499999988824129,1.0
ZeroGravitee,1,5,29,29,405.78999519348145,234.4025666409837,0.5776450119949855,0.3333333333333333
Lamaze,3,19,105,105,2017.0,1087.6799979519565,0.5392563202538208,0.30303030303030304
The Original Bring It Up,1,1,7,7,90.0,39.77999998256564,0.4419999998062849,0.3333333333333333
WonderWink,1,1,6,6,90.50000190734863,38.19100082782655,0.42200000025331963,0.0
Outdoor Life,1,1,5,5,74.0,30.857999958097935,0.4169999994337559,0.0
NCIS,1,1,8,8,151.60000610351562,88.53440367514492,0.5840000007301569,0.0
Hold-Up Suspender Co.,1,1,1,1,18.950000762939453,11.48370043862164,0.6059999987483025,0.0
East Valley Apparel,1,1,7,7,114.0,60.19200009852648,0.5280000008642673,0.5
Ms. Maggie,1,1,7,7,77.95999908447266,30.326439532337183,0.3889999985694884,0.5
Style & Co.,2,3,16,16,288.1600112915039,135.74010545968787,0.4710580932146501,0.4
The Hunger Games,1,3,16,16,239.40000915527344,102.8023543945864,0.4294166686013341,0.0
Headchange,1,1,11,11,119.70000457763672,73.01700294397027,0.6100000012665987,0.5
Annex Clothing,1,1,5,5,59.85000228881836,26.752951116298515,0.44700000155717134,0.3333333333333333
Lynn Ritchie,1,1,3,3,59.85000228881836,34.53345140715614,0.5770000014454126,0.0
E2E,1,1,8,8,59.96999931335449,22.668659658234724,0.3779999986290933,0.3333333333333333
Nittany Outlet,1,4,28,28,419.78999519348145,203.49819717997983,0.4847619035946471,0.0
Team,1,4,21,21,339.8299961090088,142.5686777389512,0.4195294099147705,0.16666666666666666
Zicac,1,1,3,3,19.989999771118164,11.374309835212827,0.5689999982714653,0.0
Spree,1,13,67,67,995.5999908447266,467.0307762432466,0.4690947976475871,0.2692307692307692
F.U.S.A.I,1,1,9,9,119.93999862670898,52.65365931491196,0.4389999993145466,0.25
MommyMilkÂ®,1,1,8,8,139.92999839782715,76.26184898607023,0.5449999989941716,0.0
Touch of Europe Capris,1,4,20,20,319.8399963378906,164.17786794310723,0.5133124994463286,0.16666666666666666
Wearables,1,1,6,6,79.95999908447266,34.70263978019416,0.434000002220273,1.0
Robinson Apparel,2,3,22,22,420.78000259399414,229.83202144716256,0.5462047151250314,0.5
Kirra,5,6,37,37,916.379997253418,484.78431929206965,0.5290210619449021,0.09090909090909091
Coal,2,4,32,32,652.0,378.2360006161034,0.5801165653621217,0.4444444444444444
Fluff,1,1,9,9,140.0,60.20000021904708,0.430000001564622,0.25
Boxercraft,3,8,49,49,832.5399951934814,457.0669783142362,0.5490030280263164,0.3684210526315789
Annalee + Hope,2,3,11,11,263.2800064086914,122.00676308569105,0.46341066589119984,0.5
SEX NIGHT,1,51,310,311,5460.0,2585.4370042138034,0.47352326084501895,0.26732673267326734
VIVILLI,1,23,151,151,2623.0,1244.6240030673798,0.47450400421935945,0.3389830508474576
Fyasko,1,1,7,7,147.0,67.17899978533387,0.4569999985396862,0.0
UltraSofts by National,1,1,5,5,87.80000305175781,44.865801717755204,0.5110000018030405,0.0
Headsweats,1,1,11,11,109.75000381469727,70.8985026376471,0.6460000015795231,0.75
Chaos,2,6,41,41,806.9499835968018,463.9495113599167,0.5749420915680101,0.3
Tops and Bottoms HS,5,8,47,47,962.6900005340576,502.42050014807296,0.5218923016436781,0.3125
Invisibelt,1,1,5,5,44.0,27.412000067532063,0.6230000015348196,
Joe Snyder,2,3,18,18,316.0,135.95399955287576,0.43023417580023976,0.3333333333333333
Kati Rose,1,1,8,8,154.0,93.78599959611893,0.6089999973773956,0.0
Lady Romance,1,2,8,8,136.79999923706055,61.81559968593866,0.45186842127695104,0.0
1826,1,1,7,7,137.70000457763672,62.378102167030434,0.4530000006780029,0.0
Soft Sensations,1,1,10,10,137.93999862670898,54.48629926741943,0.3949999986216426,0.5
La Leche League International,1,3,7,7,123.04999923706055,69.74169943257719,0.5667752934985163,1.0
Pretty Polly,1,2,12,12,191.9499969482422,119.40559845711627,0.6220661649154027,0.16666666666666666
Beverly Hills Basics,1,1,1,1,0.0,0.0,,
Hampton Direct,1,1,6,6,73.22999954223633,40.56941984897285,0.554000001400709,0.0
AnimalShirtsUSA,1,8,43,43,848.3000259399414,373.02746272830683,0.43973529567558534,0.2222222222222222
The Beach Depot,1,5,38,38,978.3000259399414,445.30921035770984,0.4551867510479323,0.0
ArtsyClothingCompany,1,1,6,6,149.70000457763672,68.11350223339721,0.4550000010058283,0.0
CANYON GUIDE,1,2,15,15,355.8800106048584,164.35636515099873,0.46183084256869744,0.14285714285714285
Easy,1,1,5,5,74.96999931335449,47.081159745294755,0.6280000023543836,
Sassy Sarongs,1,1,4,4,49.97999954223633,29.688119660315216,0.5939999986439943,1.0
URBAN,1,1,8,8,174.92999839782715,99.53516911182358,0.5690000001341103,0.2
Exocet,1,1,5,5,99.95999908447266,53.27867949414968,0.532999999821186,0.3333333333333333
Belly Button,1,1,8,8,174.92999839782715,101.63432878501163,0.5809999983757735,0.5
Ecko Red,1,2,9,9,175.0,78.32500032382086,0.4475714304218335,0.0
Ritchie Swimwear,1,4,25,25,500.0,288.1999992765486,0.5763999985530972,0.16666666666666666
M. Rena,1,1,5,5,75.0,36.300000082701445,0.48400000110268593,0.5
K-Swiss,1,6,28,28,565.0600090026855,335.8033649464952,0.5942791200870476,0.3
Joe's,1,1,8,8,175.0,90.29999980702996,0.5159999988973141,0.0
Dolce Vita,1,1,4,4,50.0,25.300000002607703,0.5060000000521541,1.0
MJC International,1,1,7,7,125.0,76.875000144355,0.61500000115484,0.4
Sunner,1,2,9,9,200.0,102.97499997541308,0.5148749998770654,0.3333333333333333
Pencey Standard,1,1,5,5,125.0,73.3750001527369,0.5870000012218952,0.0
Fitsok,1,1,5,5,100.0,41.79999977350235,0.4179999977350235,0.5
Barracuda,1,2,21,21,555.0,230.6999989785254,0.4156756738351809,0.25
INF,1,1,5,5,77.96999931335449,43.81913968033031,0.5620000008493662,
Merry Toes,1,1,7,7,130.0,81.64000030606985,0.6280000023543835,0.25
SNUG,1,1,7,7,130.0,58.11000008136034,0.44700000062584877,0.0
So Wear it declare it,1,1,12,12,260.0,142.2199995815754,0.5469999983906746,0.0
Copper Cove,1,1,6,6,132.25000381469727,71.01825211155415,0.5370000004768372,0.25
Jeerzees,1,1,2,2,26.920000076293945,11.360240089157822,0.42200000211596495,0.5
Power Club,1,1,9,9,215.9199981689453,111.41471881708387,0.5159999988973142,0.0
Turfer,1,1,6,6,139.75000381469727,79.51775192900001,0.5689999982714653,0.0
Mizuno,1,1,8,8,139.75000381469727,82.59225251687319,0.5910000018775463,0.75
John Henry,1,4,26,26,643.9199981689453,326.35235890363094,0.5068212818854025,0.2
TrailHeads,1,1,2,2,28.0,14.587999992072582,0.5209999997168779,
likemary,2,6,17,17,448.95000076293945,244.3051501569053,0.5441700629061956,0.0
Jor,1,1,4,4,112.0,46.367999881505966,0.41399999894201756,0.0
Out Of Print,1,1,6,6,140.0,60.20000021904707,0.4300000015646219,0.5
Terra Nomad,1,1,2,2,58.0,33.11800013482571,0.5710000023245811,0.0
Morgan Taylor,1,1,3,3,58.81999969482422,25.939619953942596,0.4410000015050173,
Civil Society,1,1,6,6,149.4999980926514,78.93599912212791,0.5280000008642673,0.3333333333333333
Saved by the Bell,1,1,7,7,209.65000534057617,110.27590262873042,0.5259999991394579,0.0
Brand Q,1,9,60,60,1373.5900249481201,840.7302268409737,0.6120678015790976,0.25
Koman,1,1,5,5,89.96999931335449,42.735749640326944,0.4749999996274709,0.3333333333333333
Modena,1,6,37,37,809.7299938201904,351.8426787345145,0.4345185202718884,0.2
Western Express,1,1,6,6,149.94999885559082,83.97199915803225,0.5599999986588955,0.0
Enyce,3,3,20,20,479.8600082397461,241.01000405593217,0.5022506562695668,0.5
Rompers and Jumpsuits HS,1,1,11,11,239.9199981689453,105.32487947859885,0.4390000011771918,0.3333333333333333
Legendary Whitetails,1,1,8,8,179.93999862670898,68.55713931857854,0.38099999912083143,1.0
Newport News,1,1,8,8,209.92999839782715,122.38918918480488,0.5830000005662442,0.0
Paradox,1,1,4,4,89.96999931335449,51.01298942566127,0.5669999979436398,0.5
Age Group,1,1,5,5,149.94999885559082,66.12794944168925,0.44099999964237213,0.0
Valor,1,1,2,2,59.97999954223633,29.4501797984761,0.4910000003874302,
Shaynecoat,1,2,18,18,420.0,221.07000041753054,0.5263571438512632,0.14285714285714285
Brookstone,2,2,12,12,289.950008392334,135.88995315599945,0.46866683642969764,0.5
Kavio,1,1,4,4,63.97999954223633,32.117959791176915,0.5020000003278255,
Wolford,1,1,7,7,192.0,115.2000002861023,0.6000000014901161,0.25
Revolt Jeans,1,1,3,3,96.0,50.208000004291534,0.5230000000447035,
Coldpruf,1,1,9,9,229.25,111.64474951149896,0.48699999786913395,0.25
ROGUE,1,1,5,5,99.0,59.99400015268475,0.6060000015422702,0.3333333333333333
Plush,1,1,5,5,100.47000503540039,60.68388321018209,0.6040000016801059,0.6666666666666666
Jake Joseph,1,3,24,24,680.5,337.47549873404205,0.49592284898463196,0.2222222222222222
My1stWish,1,1,7,7,169.75000381469727,66.37225130436569,0.39099999889731407,0.5
Leisureland,1,2,14,14,407.76001739501953,250.6669611623895,0.6147413931453575,0.2
Simple,1,1,7,7,135.9600067138672,74.0982035223052,0.5449999989941717,0.0
Candies,1,1,6,6,102.0,54.16199993644841,0.5309999993769452,0.3333333333333333
La Palapa,1,1,4,4,136.0,74.52799955010414,0.5479999966919422,0.0
Collegiate Surf and Sport,1,1,11,11,306.0,119.95199942775072,0.3919999981299043,0.5
Jostar,2,3,21,21,598.8400268554688,250.70756234954007,0.418655318793593,0.3333333333333333
Monologue,1,1,7,7,244.93001174926758,138.87531661438805,0.5669999998062848,0.0
Wildman T,1,1,10,10,210.0,82.94999971054494,0.3949999986216426,0.6
The SAK,1,1,5,5,175.0,108.32500015385449,0.6190000008791685,0.0
Adi Designs,1,1,6,6,215.94001007080078,116.17572555645435,0.5380000006407498,0.0
DeepPocket,1,1,9,9,221.7000045776367,137.45400306938583,0.6200000010430811,0.6666666666666666
BOTANY 500,1,2,8,8,234.0,129.8520003631711,0.5549230784750901,0.0
Teal Cove,1,1,6,6,190.0,66.68999996036291,0.35099999979138374,0.3333333333333333
Diamond Plate,1,1,5,5,155.80000305175778,87.87120154184771,0.5639999988488853,0.0
Cactus Fashion,1,2,7,7,199.75000381469724,111.70020176468711,0.5591999981552361,0.25
Soft Ones,1,2,13,13,449.4500083923339,162.76090169945195,0.36213349351497776,0.0
Ford Motor Company,1,1,9,9,239.94001007080078,96.93576476222816,0.40400000289082527,0.25
Flex-Zone,1,1,11,11,279.9300117492676,154.52136626451772,0.5519999992102383,0.5
econscious,1,1,12,12,359.9100151062012,165.19869719653715,0.459000000730157,0.5
Rival,1,1,4,4,159.9600067138672,90.0574836440426,0.5629999991506338,0.0
Snug Camisole,1,1,7,7,160.0,80.16000002622604,0.5010000001639128,
Wurkin Stiffs,1,2,9,9,240.0,141.68000034987926,0.5903333347911636,0.6
O'Neill,11,154,1045,1050,39078.210196495056,17751.951741516732,0.4542672669054048,0.2749326145552561
Lee,7,116,756,760,20018.46029472351,9603.904755037984,0.4797524191992624,0.3295880149812734
Kipling,1,2,14,14,422.0,237.34000054001808,0.5624170628910381,0.125
Volcom,14,291,1751,1767,80333.20984649658,39728.55231456303,0.49454705458026255,0.27301092043681746
Julie France,1,2,13,13,508.1199951171875,235.88303775513828,0.46422703302737905,0.0
Weekender,1,2,19,19,410.0,196.670000301674,0.47968292756505854,0.6666666666666666
Yala,3,5,27,27,1036.0,438.6339982394129,0.4233918901924835,0.16666666666666666
Provocative,1,3,22,22,807.5300064086914,385.2150333555204,0.4770287547191935,0.25
Vera Want,1,1,4,4,126.0,48.88799979910256,0.38799999840557586,
Totes,1,1,6,6,126.0,71.56799999624491,0.5679999999701977,1.0
Dockers,13,220,1490,1498,47409.22060394287,25339.014827207073,0.5344744019077949,0.2876712328767123
Corset Story,1,22,143,143,3924.0,1830.7720035573002,0.46655759519808876,0.30357142857142855
Carve Designs,5,12,78,78,2661.3500061035156,1525.7111513267441,0.5732846667396968,0.35714285714285715
Goddess,4,15,112,112,3454.8800106048584,1739.5100936322149,0.5034936345959153,0.41935483870967744
Ecoscapes,4,33,183,183,4769.44002532959,2681.5207202369515,0.5622296760198062,0.35714285714285715
Jones New York,15,149,811,811,61292.5999622345,33792.019105349435,0.5513229839519033,0.24271844660194175
INC International Concepts,5,8,46,46,1600.1900062561035,898.4613236755359,0.5614716503433412,0.375
Kenneth Cole,15,121,781,783,49607.9400062561,26770.350812748155,0.5396384290372089,0.26537216828478966
Port Authority,10,92,588,589,22883.95006084442,12520.582529178431,0.547133798836669,0.30275229357798167
Walls,6,20,141,141,4181.740119934082,2118.8378614597323,0.5066880773770159,0.1956521739130435
Catherine Malandrino,3,6,31,31,9024.729991912842,4524.096273253943,0.5012999034107429,0.2727272727272727
Independent,3,8,60,60,1701.680004119873,820.6109912593643,0.48223578420890767,0.2727272727272727
Henry Segal,2,3,14,14,423.550006866455,244.4534546804923,0.5771537025557605,0.2857142857142857
Besame,1,8,33,33,1103.6800270080566,494.88049274422184,0.4483912734071877,0.16666666666666666
Donald Seneca,1,2,6,6,160.9000015258789,99.04640104122123,0.6155773778864182,0.5
LOTUSTRADERS,6,50,278,278,10290.930347442627,5375.872708985675,0.5223893785581417,0.32432432432432434
Augusta,3,5,35,35,746.7500171661377,418.1123189376905,0.5599093529644585,0.36363636363636365
Harriton,3,27,154,154,4075.5800743103027,2001.1847875992776,0.49101839520057317,0.26666666666666666
NI9NE,2,3,30,30,749.8200302124023,421.47586752475945,0.5621027053723379,0.6666666666666666
Cinch,1,13,94,94,4493.299980163574,2067.0086647345065,0.4600201797920599,0.25
Hey Viv !,3,6,37,37,936.7300300598145,528.2574880558911,0.5639378167711347,0.26666666666666666
Bigmansland,7,11,81,81,2730.359977722168,1368.3355283999144,0.5011557228953608,0.25
DKNY,5,25,162,162,11079.969947814941,6662.592308200093,0.6013186262760586,0.27419354838709675
Wolverine,8,27,174,174,3721.879997253418,1952.4419958528265,0.5245848864803921,0.2459016393442623
Leading Lady,2,6,35,35,862.7199935913086,445.02177609117535,0.5158357049761304,0.5
Indiana Jones,1,2,19,19,821.8000030517578,455.32440406871433,0.5540574377924863,0.3333333333333333
Comune,5,6,37,37,1795.1799926757812,901.7547763251301,0.5023199790573823,0.25
LAmade,1,8,36,36,2304.180000305176,1239.3711218391406,0.537879471948803,0.16666666666666666
alo Sport,4,6,33,33,1174.2299995422363,567.8392403872704,0.48358434089457575,0.25
Body Wrappers,4,5,25,25,504.200008392334,230.4112038476469,0.45698373663722086,0.3
KR3W,4,7,57,57,2674.6300010681152,1419.9207100851916,0.5308849110038193,0.19047619047619047
Arbor,3,3,22,22,701.1999969482422,325.7336989927172,0.4645375077158773,0.3
French Connection,11,58,322,322,27831.75004196167,14807.214404899543,0.5320259912716536,0.23008849557522124
Only Hearts,6,38,183,183,10053.190019607544,5258.195418667687,0.5230375043555534,0.23728813559322035
Ed Hardy,9,89,592,593,15032.720209121704,7820.754922312987,0.5202488181458623,0.30985915492957744
Jockey,5,106,690,692,14344.720001220703,7009.929877742592,0.4886766613183152,0.30973451327433627
Fila,2,4,34,34,1959.2099838256836,1016.0930620306082,0.518623869018122,0.25
Wallflower,6,23,123,123,2438.8599967956543,1165.6539401817195,0.47795032995466635,0.2619047619047619
Body Glove,1,24,159,159,5124.430000305176,2418.601502095861,0.47197473708330995,0.2833333333333333
Savane,3,46,332,333,9200.780109405518,4932.1655811520595,0.5360594995754917,0.2892561983471074
Juicy Couture,6,29,169,169,11344.459903717041,5739.878001921001,0.5059630912918397,0.22807017543859648
Flying Monkey Jeans,2,6,31,31,933.0,436.5930004287511,0.46794533808011907,0.25
HUGO BOSS,5,134,956,960,31843.140186309814,17674.54953246326,0.5550504576198174,0.2514792899408284
Perry Ellis,11,92,654,656,25008.48020362854,13609.149772561355,0.5441814001390924,0.3217391304347826
Stan Herman,1,1,3,3,44.299999237060554,18.96039964573682,0.42799999937415134,1.0
Ezekiel,4,5,26,26,1247.430004119873,569.6571311957789,0.4566646058811947,0.15384615384615385
Cosabella,2,32,186,187,8219.830021858215,3817.518088191171,0.4644278626248483,0.31666666666666665
KingSize,8,25,172,172,6696.230014801025,3531.0141527457663,0.5273137489215547,0.24074074074074073
Element,8,18,116,116,4536.70002746582,2134.5265626847245,0.4705020278532855,0.28888888888888886
AxParis,8,28,162,162,3987.2199993133545,2089.1204703198287,0.5239541511829293,0.39285714285714285
Mod-O-Doc,9,26,146,146,7357.369989395142,3827.1968657775496,0.5201854563918958,0.28125
Bloomingdale's,2,3,17,17,697.6199913024902,397.77517408770296,0.5701888980346413,0.625
Vince Camuto,8,31,160,160,9095.030055999756,4981.335214509463,0.547698598447556,0.24528301886792453
IZOD,13,95,613,616,17242.470024108887,8566.857448778637,0.49684630083742215,0.27983539094650206
Bslingerie,1,41,259,259,4298.779949188232,1992.4580886266276,0.46349385457677983,0.23529411764705882
Roar,1,1,5,5,134.52000045776367,65.64576020935715,0.4879999998956919,0.5
Croker clothing,1,1,5,5,89.90000152587889,42.97220074008702,0.47800000011920923,0.5
robesale,1,10,68,68,2287.450038909912,1225.108473301995,0.5355782432239798,0.3235294117647059
Loyal,1,1,8,8,314.6500053405761,172.42820247183664,0.5479999985545875,0.0
Insight,1,2,17,17,233.60000419616696,110.02000177872178,0.47097602655148857,0.5
Lip Service,1,1,8,8,314.6500053405761,143.4804025103211,0.4560000002384186,0.0
KAVU,5,6,34,34,1669.399974822998,896.6210346689301,0.5370917983654554,0.36363636363636365
Silver Jeans,3,56,357,357,21612.359994888306,10021.338686384559,0.4636855340534202,0.24347826086956523
DREAMS,2,44,224,224,4665.420085906982,2015.4518045094464,0.4319979267456752,0.352112676056338
Charles River Apparel,4,22,138,138,4487.550079345703,2406.2786515356956,0.5362120999185679,0.24
Moon Shine Attitude Attire,3,5,30,30,662.7400074005127,328.82093513702205,0.4961537427425989,0.08333333333333333
Woman Within,14,78,422,422,9283.8700466156,4658.931489890061,0.5018307523152434,0.24060150375939848
Retrofit,2,30,204,205,4993.080066680908,2344.7986379941817,0.4696096611070087,0.25
Ike Behar,1,4,37,37,1546.7900123596191,896.6214399101616,0.5796659098815687,0.21428571428571427
American Fighter,1,2,8,8,164.9600067138672,73.34720281750285,0.44463627444394976,0.5
Louis Raphael,2,27,190,190,7913.609996795654,4351.330351943348,0.5498540304242022,0.2028985507246377
Big Feet Pajama Co.,1,5,29,29,1034.8100318908691,436.35843260202904,0.4216797471558019,0.5
Wyoming West Designs Llc,1,2,11,11,494.89001846313477,272.63940960837004,0.550909089771184,0.0
Miraclesuit,4,32,180,181,17717.280002593994,10203.918249507911,0.5759302922352614,0.30357142857142855
Soft Touch Linen,1,3,21,21,614.850025177002,278.1518511673509,0.4523897532366158,0.0
Silver Edition,2,4,23,23,1334.940029144287,804.9831489794435,0.6030107206354787,0.625
Zoot,4,7,40,40,3013.8899688720703,1441.070555495088,0.47814305445079,0.2857142857142857
Southpole,10,58,357,358,8228.270036697388,4062.3585699687505,0.49370749280844883,0.2755905511811024
prAna,7,35,221,221,13012.89998626709,7277.980583357212,0.5592896734039212,0.32
Rufskin,4,15,99,99,5022.0,2158.9979975093156,0.42990800428301784,0.2972972972972973
G-Star,11,75,513,513,49592.119846343994,24634.9941805071,0.4967521908084602,0.3516483516483517
Vedette Shapewear,1,2,11,11,290.0,145.9550001192838,0.5032931038595992,0.0
Soybu,3,6,25,25,602.7500038146973,336.73075216793177,0.5586574036280761,0.2727272727272727
Sport-Tek,3,8,55,55,1377.060001373291,717.4214998484514,0.5209805666659357,0.25
Democracy,8,21,122,122,4863.180013656616,2441.0719284444804,0.5019497369189595,0.25
Foxfire,1,1,3,3,45.430000305175774,26.5765502614554,0.5850000018253922,
Daniel Buchler,1,15,120,120,5056.879909515381,2998.475595569837,0.5929497336742552,0.20408163265306123
Elila,2,2,12,12,370.4000053405762,181.62600244374948,0.49035097144976453,0.42857142857142855
Boston Industrial,1,1,6,6,183.80000305175778,99.2520014836192,0.5399999991059303,0.3333333333333333
Football Fanatics,2,21,148,148,5574.5500831603995,2472.4904838727903,0.4435318450796037,0.3157894736842105
Krazy,4,7,43,43,1605.75004196167,866.5388642753369,0.5396474181104344,0.6
Casual Moments,3,32,202,202,7200.9600620269775,2881.5125014574623,0.4001567119713137,0.37037037037037035
Mud Pie,3,5,25,25,862.9200134277344,462.8551269590157,0.5363824221904869,0.0
Dr. Rey Shapewear,2,11,60,60,1265.4100217819214,613.0950812528828,0.48450310231424937,0.2631578947368421
Bus Stop,2,3,10,10,279.9400100708008,104.45760351067185,0.3731428154348249,0.5
Seafolly,1,35,208,208,15954.700012207031,9312.814977380476,0.5837035463064294,0.3176470588235294
Jolt,5,10,73,73,1967.8999996185303,919.5598799574622,0.46727978054561475,0.17391304347826086
Grenier,1,2,9,9,288.0,123.75000017881392,0.4296875006208817,0.0
Joe's Jeans,7,109,713,717,83980.6999912262,39724.00284784395,0.47301347633437296,0.2692307692307692
Xscape,1,1,6,6,232.29999542236328,146.34899730647356,0.630000000819564,0.0
Spreadshirt,1,1,4,4,139.5,77.56199998129159,0.5559999998658895,0.0
Aeropostale,5,21,137,137,3549.5900287628174,1644.5424910371723,0.46330491062664075,0.3333333333333333
D.E.P.T.,7,19,96,96,5948.059940338135,3171.948803587377,0.5332745189866157,0.2222222222222222
Chaus,6,17,96,96,4239.470014572144,2181.900230529104,0.5146634421353034,0.34375
Stohlquist,1,7,45,45,1460.360008239746,679.9007406042911,0.46557063790305625,0.5
Hatley,4,31,172,172,4248.310085296631,1863.9919432652036,0.43876080272870516,0.3103448275862069
Reef,2,19,131,131,5698.3000202178955,2491.8586547588015,0.437298605885535,0.32558139534883723
Saddleback Leather Co.,1,5,29,29,732.0,463.5300013329834,0.6332377067390483,0.5
Shadowline,3,28,151,151,4948.150005340576,2130.322698139533,0.43052912620681655,0.38596491228070173
Marc Ecko Cut & Sew,7,30,199,199,8288.280048370361,4208.358191149079,0.5077480691517566,0.375
Curious Designs,2,2,14,14,326.5500068664551,187.0533040136106,0.5728167205034155,0.0
Brixton,7,17,111,111,4544.090034484863,2300.76514183471,0.5063203247238331,0.16666666666666666
Famous Stars and Straps,4,20,142,142,5187.479999542236,2390.117117036631,0.46074724475998835,0.2857142857142857
Avenue,6,6,43,43,1506.4999980926514,788.3319987167156,0.5232870890904789,0.21428571428571427
N2N Bodywear,4,9,51,51,1264.0,630.3219998171553,0.4986724682097748,0.18181818181818182
Commando,2,14,83,83,2826.0,1361.80800162768,0.48188535089443735,0.4074074074074074
dollhouse,7,21,105,105,1843.640001296997,943.3595018150498,0.5116831383303673,0.3333333333333333
Caribbean Joe,3,6,38,38,991.6000022888184,510.77672121124596,0.5151035901898623,0.21428571428571427
Toddland,6,10,76,76,2521.1999893188477,1341.5383927439511,0.5321031248720552,0.13793103448275862
JM,2,2,16,16,415.5999984741211,195.7843994759977,0.47108854714827186,0.16666666666666666
Bottoms Out,3,49,339,339,6073.099994659424,3449.412991608726,0.5679822487102268,0.3076923076923077
Everly Grey,1,13,68,68,3247.5,1840.0944952333812,0.5666187822119726,0.39285714285714285
Arena,2,8,55,55,2604.900016784668,1141.1096030997774,0.43806272630313636,0.3181818181818182
bSoft,2,6,35,35,1171.8599967956543,493.55837697200934,0.4211752072104179,0.2222222222222222
TRUKFIT,4,4,26,26,1169.0,566.2889979826286,0.48442172624690216,0.4666666666666667
Ecko Unltd.,4,17,112,112,3410.1299962997437,1598.5532870233178,0.4687660847996623,0.23404255319148937
Threads4Thought,3,7,60,60,3954.0000038146973,2005.1435023884846,0.5071177289969611,0.3888888888888889
55DSL,4,7,39,39,1419.2000007629395,713.5157997525305,0.5027591596455437,0.3125
Lytess,1,2,13,13,588.9400100708008,280.606064950774,0.4764595037736361,0.3333333333333333
Chestnut Hill,4,16,117,117,4151.280035018921,1965.57654136573,0.4734868582183643,0.34782608695652173
Reyn Spooner,3,14,106,106,5614.5,2342.546495630231,0.4172315425470178,0.2972972972972973
LRG,12,56,390,391,17350.85995697975,8587.373438296425,0.49492494663597186,0.26356589147286824
Huafeng,6,8,61,61,3165.9300117492676,1724.939064410691,0.5448443452663732,0.23529411764705882
BBW Boutique,4,4,19,19,931.9799957275391,480.3070189131233,0.5153619402937692,0.5
Impact Fitness,2,12,63,63,3987.0,2255.0484951017424,0.5656003248311368,0.2
Rich & Skinny,3,12,66,66,5120.429998397827,2303.7086329244253,0.4499053074927792,0.17647058823529413
Susan G. Komen for the CureÂ®,1,1,12,12,349.6500053405761,170.62920256972978,0.4879999998956918,0.5
stonepowerss,1,12,67,67,2552.5500373840327,1319.9154182264515,0.5170967851345863,0.3235294117647059
A-Line,1,1,4,4,149.85000228881833,70.57935118563317,0.47100000071804965,0.0
Bjorn Borg,4,21,143,143,2437.450015068054,1259.4378604384863,0.5167030514073219,0.3090909090909091
Michael Kors,11,52,353,353,28376.530406951904,15762.61465927349,0.5554806889080365,0.3181818181818182
Beauty and the Beach Blue Label,1,2,10,10,309.9300117492676,170.49147582772252,0.5500966972041726,0.5
Elixir,2,2,17,17,549.8600120544434,236.68810494918898,0.4304515690545501,0.1
Swim 365,2,15,85,85,4119.459945678711,2363.2087934158008,0.5736695645978529,0.45454545454545453
Eva Varro,1,1,7,7,199.9600067138672,99.78004331744373,0.4989999998360872,1.0
The Trendy Me,1,2,26,26,1099.7800369262695,654.2691383125045,0.5949090875854546,0.2222222222222222
RAY&LI,1,1,11,11,399.9200134277344,260.3479274661708,0.6509999968111516,0.0
Guy Harvey,3,9,69,69,1925.2000274658203,807.3370695289518,0.4193523052208065,0.28
eVogues Apparel,10,78,443,444,10026.65018081665,5146.528976738264,0.5132849839106574,0.28205128205128205
Sons of Anarchy,4,11,57,57,3155.8400382995605,1645.091317942928,0.5212847603103931,0.12
Sakkas,3,5,24,24,791.8199996948242,357.22364016567604,0.45114248226030385,0.4444444444444444
Royal Silk,3,7,47,47,1635.0,837.349999891594,0.5121406727165713,0.125
PJ Harlow,2,3,19,19,712.0,301.4080004990101,0.4233258433974861,0.0
Siwy,2,7,47,47,4853.0,2465.9699973911047,0.5081331130004337,0.4
Blue Star Inc.,2,3,17,17,359.9199981689453,160.12591917161822,0.4448930873145193,0.3333333333333333
Splendid,9,24,144,144,8810.149993896484,4539.556991821766,0.5152644387401679,0.2894736842105263
Ardyss,1,4,28,28,2667.0,1243.778002155479,0.4663584560013045,0.2
Assets,2,17,90,90,1429.0,657.656001156196,0.4602211344689965,0.36666666666666664
Lysse,1,4,28,28,1240.0,523.9119985550642,0.42250967625408403,0.14285714285714285
CoffeeShop,1,1,3,3,153.60000228881833,85.70880144996642,0.5580000011250377,0.0
Allen Allen,4,15,82,82,4152.739978790283,2176.098156304663,0.5240150280101508,0.17647058823529413
BG,1,2,8,8,376.6900024414062,167.68005084370708,0.4451406986034613,0.0
Intimates Boutique,1,7,31,31,597.9700050354004,281.0293226310092,0.4699722732988455,0.5
FMF,2,6,37,37,1591.6800155639648,826.7968074323896,0.5194491350948065,0.38461538461538464
Dotti,1,1,5,5,208.0,114.39999976754189,0.5499999988824129,0.0
Comfort Colors,5,13,77,77,1988.9000263214111,983.7298821197066,0.49461002016233746,0.3170731707317073
Vista,1,1,5,5,210.52000427246094,111.15456165355681,0.527999997138977,0.0
Weathertamer,1,1,4,4,158.33999633789065,85.66193819811704,0.5410000011324884,0.5
Hermanny by ViX,1,3,17,17,1194.520004272461,694.2341212566319,0.5811824990569872,0.16666666666666666
Condor,1,1,6,6,317.40000915527344,178.37880474974847,0.5619999987538904,
Mad Engine,2,6,46,46,959.7100028991699,423.3355822459833,0.4411078148264963,0.2916666666666667
PEZ Candy,1,5,31,31,2346.720001220703,1299.0382359922326,0.5535548490303515,0.16666666666666666
Etnies,2,3,28,28,1274.9999923706052,628.5874942106091,0.49300980233096114,0.4166666666666667
Va Bien,1,3,16,16,824.0,370.26600083336234,0.44935194275893486,0.0
TRUNKS,2,4,30,30,1107.950008392334,462.75540216860026,0.41766812461157077,0.0
No Fear,1,1,7,7,324.0,151.30800020881,0.46700000064447533,0.0
Danny & Nicole,3,10,57,57,3331.0900115966797,1433.3991777387587,0.4303093500171412,0.23529411764705882
Hard Tail,5,19,120,120,6857.959991455078,3525.398515847016,0.5140593587946872,0.2682926829268293
Bacci,1,1,4,4,216.0,94.82400027941914,0.4390000012936071,0.0
Jerzees,3,20,121,121,2501.4799880981445,1338.6476511438766,0.5351422587880225,0.25
Knox Armory,1,1,6,6,218.39999389648435,118.15439694533345,0.5410000011324881,0.3333333333333333
Independent Trading Co,1,3,19,19,781.2400093078613,381.3075448177085,0.4880798989743593,0.125
Mountain Hardwear,7,66,390,390,51542.50995826721,28448.815924522984,0.551948594423464,0.29411764705882354
Brabag,1,4,14,14,764.3500099182128,363.3207050627761,0.4753328976886548,0.16666666666666666
Taillissime,3,3,16,16,559.8800201416016,269.7945094119869,0.48187915215076266,0.3333333333333333
Necessary Evil,2,3,27,27,2334.780055999756,1322.499720010379,0.5664343913731449,0.0
DC Shoes,3,3,17,17,319.560001373291,150.9402810766411,0.4723378408686437,0.3333333333333333
Alpha Industries,3,25,151,151,26145.1099319458,14693.812359818061,0.5620099666081038,0.2413793103448276
Out of Print,2,4,32,32,806.0,410.83599995821714,0.5097220843154059,0.46153846153846156
Luli Fama,1,8,50,50,2760.5,1583.9744944898412,0.5737998531026413,0.3684210526315789
HOBO,2,20,122,122,7506.180057525635,4167.8375936332395,0.5552541454763797,0.20588235294117646
Ice,4,34,192,192,6349.509952545166,2596.5959928332827,0.4089443141659226,0.2535211267605634
2EROS,1,1,5,5,168.0,72.57600000500679,0.4320000000298023,0.25
Le Mystere,3,18,104,104,6141.849998474121,3020.959760967125,0.49186479020452323,0.23255813953488372
Squeem Magical Lingerie,2,6,35,35,2524.089994430542,1248.433679059077,0.4946074354772501,0.2727272727272727
Josie by Natori,2,12,55,55,2695.3999938964844,1132.4989943466933,0.4201599009093811,0.3333333333333333
Bella Materna,2,11,72,72,3589.5899963378906,2023.0673739333315,0.5635928827518659,0.20833333333333334
Trash Nouveau,1,1,5,5,284.89999771118164,145.29899876902252,0.5099999997764826,0.0
SLS3,1,1,4,4,231.80000305175778,125.8674011320829,0.5429999977350234,0.0
Majamas,2,5,33,33,937.0,492.1959999296814,0.5252892208427763,0.16666666666666666
Emanuel by Emanuel Ungaro,1,1,5,5,291.70000076293945,173.56150010621548,0.5949999988079071,0.0
Vedette,1,6,32,32,1693.0000038146973,833.7840030712576,0.49248907335650377,0.2
SmartTuxedo,2,7,46,46,2489.2999382019043,1487.2602650753392,0.5974612549701953,0.2727272727272727
Ever-Pretty,1,8,61,61,3351.939987182617,1823.9980557285035,0.5441619070458406,0.36363636363636365
As U Wish,1,3,26,26,792.620002746582,424.3232625976817,0.5353426120048943,0.2857142857142857
Nantucket Brand,2,9,62,62,3621.0,1806.602998657152,0.49892377759103895,0.21739130434782608
Black Clover,1,1,8,8,413.0,216.4120000861585,0.5240000002086163,0.0
Emerson Street,1,1,2,2,118.0,60.297999992966645,0.5109999999403952,0.0
Jack O'Neill,1,1,6,6,297.2500038146972,160.51500179417428,0.5399999991059303,1.0
SOLOW,3,3,21,21,850.4000091552734,384.3478021953523,0.4519611924476999,0.2222222222222222
Neil Allyn,1,3,22,22,615.5400009155273,282.4219810070921,0.45881986643764816,0.5
Giorgio Cerruti,2,23,159,159,7934.099739074707,4760.979108198649,0.6000654472178194,0.3114754098360656
Elvis,1,1,12,12,599.5000076293944,381.282004816562,0.6359999999403956,0.0
CEP,2,3,21,21,1116.200023651123,579.3525110409742,0.519040045480285,0.25
Mountain Khakis,3,13,82,82,5068.989833831786,2861.853698993328,0.5645806744161441,0.48148148148148145
Pajama Jeans,1,1,5,5,239.83999633789062,114.16383865353822,0.4760000016540289,0.0
Tribal,2,4,16,16,608.9100151062012,283.0976473973586,0.4649252605050075,0.375
CB,1,1,7,7,299.950008392334,175.17080567883403,0.584000002592802,
DB Life Dana Buchman,1,1,8,8,359.9400100708008,217.40376484378962,0.6039999965578318,0.0
Tiana B,1,7,47,47,1812.5899715423584,1024.959717247587,0.5654669469319827,0.47368421052631576
The Irish Linen Store,1,2,10,10,419.9300117492676,153.39443317622658,0.3652857116290501,0.5
Beach Native,1,1,3,3,179.9700050354004,95.5640725826177,0.5309999994933605,0.0
See Thru Soul,2,10,55,55,909.7999992370605,434.60739983374475,0.47769553769861234,0.38095238095238093
Connected,1,1,4,4,240.0,125.7600000500679,0.5240000002086163,0.0
Bobi,1,2,9,9,555.0,301.8600006401539,0.5438918930453223,0.0
James Jeans,3,8,52,53,4673.279987335205,2401.065472337239,0.513785923129843,0.3157894736842105
Magic Suit,2,8,40,40,2964.4799995422363,1653.2900160345841,0.5576998381806856,0.38461538461538464
Canterbury of New Zealand,4,5,36,36,887.2799949645996,453.104818021551,0.510667230854933,0.4
Beyond Yoga,2,10,55,55,3272.0,1923.5899937814102,0.5878942523781816,0.35
Akademiks,1,1,11,11,512.0,271.35999965667725,0.5299999993294477,0.3333333333333333
Revlon,1,1,4,4,256.0,121.34400022029877,0.47400000086054206,0.0
Gilden Tree,1,1,4,4,192.0,79.87199985980988,0.4159999992698431,1.0
Crooks and Castles,2,2,10,10,352.0,147.77600049972534,0.4198181832378561,0.0
Kushcush,1,1,4,4,192.50999450683594,111.07826648118956,0.5769999981857836,0.3333333333333333
Extreme 80s,1,1,7,7,389.6999816894531,197.1881907551877,0.506000000052154,0.5
Cole Haan,3,11,69,69,6219.350009918213,3484.879055431268,0.5603284989386047,0.32142857142857145
La Leche League,2,13,62,62,1699.0199928283691,856.5142632263223,0.5041225334850108,0.4
Affinitas Intimates,1,7,39,39,881.5000019073486,413.40150137350713,0.46897504308452437,0.5
Marmot,3,12,67,67,8045.0,4664.684992078692,0.5798241133721183,0.29411764705882354
TD,1,1,7,7,329.94998931884766,169.26434399448857,0.5129999984055758,0.5
maxandcleo,1,18,113,113,10647.709991455078,5695.750564205569,0.5349272819015997,0.2727272727272727
Smith Optics,3,4,25,25,1168.7200298309326,656.4087980774336,0.5616475985034585,0.3333333333333333
Zobha,3,3,14,14,887.3999633789062,508.7104299868551,0.5732594669599321,0.3333333333333333
Ash City,1,1,8,8,271.9599914550781,124.28571671095366,0.4570000022649764,0.4
Sunset,1,2,10,10,416.0,235.5039990991354,0.5661153824498447,0.0
Gaiam,3,4,20,20,898.9499988555908,361.5847983849112,0.4022301561212827,0.1
'47 Brand,1,1,5,5,207.0,105.155999885872,0.507999999448657,0.0
Rosa Faia by Anita,2,2,10,10,483.0,239.01600002660416,0.49485714291222394,0.2857142857142857
Frank Dandy,1,2,14,14,759.0,329.198999337852,0.43372727185487747,0.4
Dept Denim Department,1,3,17,17,1324.9600219726562,805.8133097078191,0.6081793385041839,0.14285714285714285
Enro,2,3,17,17,1064.5,545.454499588348,0.5124044148317031,0.2
CoreyLynnCalter,5,6,40,40,3065.9500274658203,1671.4956215962386,0.5451803214737402,0.23076923076923078
Braveman,1,4,16,16,949.3499603271484,560.6971774082809,0.5906116825612583,0.0
Ariat,3,11,69,69,4367.369962692261,2070.171353465165,0.4740086988620973,0.18421052631578946
Lorpen,2,5,32,32,657.2899904251099,308.2012566927614,0.4688969270525916,0.35714285714285715
Gore,2,2,6,6,369.95999908447266,170.6224499879714,0.4611916164185451,0.3333333333333333
Skedouche,1,15,97,97,5270.309852600098,2710.202134322306,0.5142396197038078,0.43243243243243246
Turkishtowels,1,5,35,35,2359.739944458008,1245.2426541917093,0.5277033416823058,0.375
Vince,2,6,36,36,3504.8800201416016,1643.4129198917299,0.46889277534394286,0.35714285714285715
LANHUACAO,1,2,8,8,419.9399871826172,216.2690936493516,0.5150000005960464,0.5
Gift Warehouse,1,1,6,6,431.6999816894531,252.97618892264666,0.5859999991953373,0.0
Henry & Belle,1,1,9,9,504.0,245.9519999474287,0.48799999989569187,0.0
Willow & Clay,1,1,8,8,436.5,279.796498705633,0.6409999970346689,0.0
7 Diamonds,6,15,109,109,10685.869941711426,5658.63489429131,0.5295436801269018,0.28205128205128205
John Varvatos Star USA,1,1,5,5,300.0,187.2000005096197,0.6240000016987324,0.0
Victorinox,5,11,84,84,5104.389999389648,2507.669541912459,0.4912770266794486,0.3076923076923077
Tony Hawk,1,3,20,20,1065.0,511.484998986125,0.4802676046818075,0.5
Design History,2,13,70,70,6928.799957275391,3779.673319975387,0.5455018680408933,0.26666666666666666
William Rast,1,4,24,24,2036.0599975585938,934.0850204623001,0.4587708719695619,0.08333333333333333
Fratelli Orsini,1,2,10,10,427.7499847412108,261.28839150419674,0.6108437190530269,0.6666666666666666
Alex Evenings,2,14,63,63,5508.139999389648,3320.869389332454,0.6029021393247878,0.3333333333333333
LINCS DC & Co,2,2,20,20,1998.5,1148.9555033771321,0.5749089333886075,0.5714285714285714
N-Fini,1,1,8,8,545.6499786376952,275.553239659231,0.5050000008195638,0.5
Flattering Me,1,1,12,12,948.0,440.82000074163074,0.4650000007823109,0.0
Blarney Woollen Mills,1,6,43,43,3333.8499908447266,1742.3348479331821,0.5226194498006527,0.15384615384615385
Anue,1,1,4,4,319.7999877929687,142.63079470339113,0.4460000004619359,0.0
JOHN DEERE,1,1,4,4,239.9699935913086,144.22196609831482,0.6009999997913837,0.0
Chap,1,1,4,4,160.0,100.64000010490417,0.6290000006556511,
King Formal Premium,1,1,7,7,327.9599914550781,181.033915635066,0.5520000010728835,0.6666666666666666
Onyx-Arctic Shield-X-System,1,1,4,4,329.9599914550781,182.46787476085396,0.5529999984428287,
Psycho Bunny,3,8,51,51,3730.0,1755.234999639215,0.47057238596225603,0.2916666666666667
Grenade,2,5,34,34,1471.7899742126465,736.4310344932458,0.5003642145933282,0.2857142857142857
Brooklyn Industries,1,1,8,8,588.0,252.25199972838163,0.428999999538064,0.0
ViX,1,3,19,19,1336.0,742.2879975922406,0.5556047886169465,0.2857142857142857
Nanette Lepore,1,2,5,5,480.0,255.3599989414215,0.5319999977946281,0.5
Elie Tahari,2,5,36,36,4534.8300857543945,2788.3470192991263,0.6148735380534702,0.4166666666666667
Green 3 Apparel,1,1,5,5,429.50000762939453,205.30100369805098,0.4780000001192093,0.0
STATE O MAINE,1,10,69,69,1714.7399921417236,1036.374398199262,0.6043915712870395,0.3
Gaspar Gloves,1,1,6,6,440.0,242.00000032782555,0.5500000007450581,0.0
LeSportsac,1,3,16,16,497.7999954223633,298.38679797760096,0.5994110098864741,0.5
Softies by Paddi Murphy,1,2,27,27,2167.0,902.4819985833019,0.41646608148744896,0.1
Cashmere Boutique,5,21,152,153,28150.0,15303.223999149399,0.5436314031669414,0.24074074074074073
Caravelli,1,9,65,65,4687.649856567383,2848.027470184659,0.6075597703174398,0.16666666666666666
Arborwear,1,2,16,16,1139.399963378906,676.562675825867,0.5937885708013464,0.5
575 Denim,1,1,5,5,359.9599914550781,176.74035594390273,0.4910000003874302,0.0
Kassatex,1,1,5,5,269.9699935913086,150.10331690342008,0.5560000017285347,0.6666666666666666
Corcini,1,1,3,3,269.9699935913086,146.86367632359145,0.5439999992959201,
Skirt Sports,1,1,8,8,720.0,420.47999884933233,0.5839999984018505,0.0
Sperry Top-Sider,1,1,8,8,552.0,296.97599932551384,0.5379999987781048,0.3333333333333333
TEXTILE Elizabeth and James,4,12,72,72,6530.040004730225,3094.178365333436,0.4738375818665855,0.2857142857142857
Creative Irish Gifts,1,1,5,5,189.97999572753903,97.45973785918412,0.5130000002682208,0.6666666666666666
Antique Rivet,3,13,105,105,7621.100006103516,3613.885206295156,0.47419469674993125,0.28888888888888886
Pure Handknit,1,2,10,10,692.1600036621094,383.8645222792733,0.5545892860730274,0.0
Tolani,2,3,20,20,1640.0599975585938,861.3061981287628,0.5251674935129873,0.5
Sheer Iridesscent,1,1,12,12,1173.6000366210935,609.0984182893393,0.5189999993890523,0.0
Parkhurst,3,4,17,17,1278.0,662.7960013374686,0.5186197193563917,0.2
Sweatsedo,2,5,25,25,1378.0,786.7099977210164,0.5709071101023341,0.2
Gottex,1,10,64,64,7175.5,4219.8259882438,0.5880880758475089,0.3103448275862069
One Teaspoon,1,1,6,6,594.0,315.4139996990562,0.5309999994933606,0.0
Equmen,1,1,4,4,396.0,228.0959997698665,0.5759999994188548,0.0
COOGI,2,2,12,12,1524.9699935913086,818.2335882751828,0.5365571727403242,0.6
Trendy Tummy Maternity,1,1,8,8,699.9299850463866,408.0591803746534,0.582999998703599,0.0
A.B.S. by Allen Schwartz,2,2,16,16,785.4000091552734,409.5294057954609,0.521427808787429,0.16666666666666666
Gold Hawk,1,1,1,1,103.5,45.3329999120906,0.4379999991506338,0.0
Maggy London,1,1,6,6,524.9499893188475,291.87219447977577,0.5560000007972122,0.0
Mother,1,1,9,9,648.0,301.96800031140447,0.46600000048056245,0.25
Debbie Katz South Beach,1,2,16,16,1592.0,878.5279974415898,0.5518391943728579,0.0
Patagonia,2,2,16,16,1159.900001525879,573.8606302011858,0.49475009004763953,0.5
Miraclebody by Miraclesuit,1,1,3,3,220.0,97.6800000295043,0.44400000013411045,0.0
laundry by SHELLI SEGAL,3,14,84,84,10528.220016479492,5930.758710706517,0.5633201720160945,0.2857142857142857
Acne,1,1,7,7,574.9499893188475,205.25714449047896,0.35699999704957014,0.0
QT,2,10,72,72,1211.6300048828125,628.779451796371,0.5189533514871859,0.21739130434782608
United Face,3,13,76,76,11932.0,6563.096007609274,0.5500415695280988,0.4166666666666667
Kashwere,1,2,10,10,869.8999938964844,316.61249563489116,0.36396424629998003,0.16666666666666666
Akomplice,1,1,3,3,120.0,50.15999972820282,0.4179999977350235,0.5
Leonardo Valenti,1,1,8,8,960.0,499.19999957084656,0.5199999995529652,0.0
Kashwere Comforts,1,1,7,7,600.0,268.79999935626984,0.4479999989271164,0.5
Pencey,3,3,9,9,205.0,115.84999936632813,0.56512194812843,0.75
MagicSuit,1,1,10,10,999.9199829101561,550.955909629898,0.5509999990463257,0.4
Bill's Khakis,1,5,53,53,5100.0,2756.799993594177,0.5405490183517995,0.4444444444444444
TexereSilk,1,1,5,5,375.0,136.50000002235174,0.36400000005960464,0.0
Velvet,6,8,51,51,2750.2900104522705,1522.9973386706918,0.5537588155731413,0.45
66 North,2,2,15,15,1589.9400329589844,882.5947382650065,0.5551119664698542,0.2857142857142857
Maui Jim,2,8,50,50,7167.580047607422,4161.977337269609,0.580667018662582,0.16666666666666666
Prom21,2,6,39,39,4147.0,2249.874002280645,0.5425305045287304,0.29411764705882354
Obermeyer,1,2,8,8,807.0,424.4550003132317,0.5259665431390728,0.0
Warm Things,1,3,20,20,2075.840087890625,912.8506774822033,0.4397499994374812,0.3
FactoryExtreme,4,14,88,88,15036.619705200195,8593.023238358528,0.571473070864907,0.2564102564102564
BGSD,2,9,49,49,7279.680023193359,3989.083213171946,0.5479750758910507,0.26666666666666666
VILEBREQUIN,1,2,11,11,1126.9500274658203,426.5841089913482,0.37852974718906623,0.0
Salomon,2,3,13,13,1339.9399871826172,680.8062727852549,0.5080871377058691,0.4
Robin Piccone,1,1,2,2,130.0,78.12999973073602,0.6009999979287386,
Carmen Marc Valvo,1,1,6,6,675.0,380.69999828003347,0.5639999974519014,0.3333333333333333
Makia,1,1,11,11,1251.0,651.7709996458143,0.5209999997168779,0.3333333333333333
J.Lindeberg,1,1,6,6,697.5,364.0949999168515,0.5219999998807907,0.0
World Industries,1,1,7,7,700.0,361.19999922811985,0.5159999988973141,1.0
Intimo,4,44,261,261,10584.950008392334,5899.777674091796,0.5573741651509101,0.21176470588235294
34 Heritage,2,2,8,8,1095.0,574.994999631308,0.5251095887043908,0.0
Scott James,1,1,5,5,148.0,80.21599991619587,0.5419999994337559,0.5
Cohesive,1,1,7,7,1050.0,647.8500025346875,0.6170000024139881,0.0
Alice & Olivia,1,1,7,7,760.0,339.7200004756451,0.4470000006258488,0.6666666666666666
Billionaire Boys Club,1,1,5,5,620.0,264.1199994087219,0.4259999990463257,0.3333333333333333
Berek,1,2,8,8,1119.9300384521484,659.7987802435473,0.5891428549907037,0.0
Mara Hoffman,2,2,9,9,1277.2499694824219,692.2787835761764,0.5420072813598951,0.0
L1,1,1,10,10,1529.5499725341797,812.191034640719,0.5309999994933605,0.0
John Varvatos,1,1,8,8,1189.9300384521484,622.3334079472502,0.5229999981820583,0.0
Prada,2,3,18,18,2654.0,1442.5480020456016,0.5435373029561423,0.25
German Wear,1,1,2,2,375.3999938964843,162.92359818456464,0.4340000022202729,
Costa Del Mar,2,6,36,36,5415.299957275391,3098.1421342920785,0.5721090537431378,0.3
GaelSong,1,1,7,7,945.0,511.24500107020145,0.5410000011324884,0.0
Queenshiny,2,5,36,36,6974.0,3752.79400434345,0.538112131394243,0.3333333333333333
Red Valentino,1,1,5,5,579.0,269.8140002782457,0.46600000048056256,0.5
Oxfords Cashmere,1,3,18,18,3696.0,1977.119999859482,0.534935064897046,0.2
City Lights,1,1,4,4,399.8999938964843,157.1606987811952,0.3930000029504298,0.5
Tom Ford,1,8,51,51,9202.570098876953,5685.3828856206455,0.6178038118193164,0.1875
Raven,1,1,4,4,615.0,304.425000641495,0.4950000010430813,0.3333333333333333
GPUFashion,1,1,9,9,1720.0,954.5999994874,0.5549999997019768,0.0
Dolce & Gabbana,3,4,33,33,6228.0,3686.364007710479,0.5919017353420808,0.1111111111111111
Prairie Underground,1,3,15,15,2920.0,1540.487997546792,0.5275643827215041,0.2
Magaschoni,2,7,38,38,12534.0,7142.7399885728955,0.5698691549842744,0.29411764705882354
Sitka Gear,1,2,18,18,4015.89990234375,2329.906838413617,0.5801705458479786,0.3333333333333333
Autumn Cashmere,1,3,14,14,2955.0,1724.8830036073923,0.5837167524898113,0.3333333333333333
ILSE JACOBSEN,1,1,6,6,1380.0,770.040001552552,0.5580000011250377,0.0
erin Erin Fetherston,1,1,7,7,2415.0,1410.360006261617,0.584000002592802,0.0
Unicorn London,1,1,4,4,1190.969970703125,715.7729521441224,0.6009999997913837,0.5
NAU,1,1,5,5,1659.8000488281252,1072.2308279814245,0.6459999978542328,0.0
Extenders,1,1,6,6,3.5,1.4735000068321824,0.4210000019520521,0.6666666666666666
Nice Shades,2,5,47,47,372.7799949645996,146.9286176240603,0.3941429787239874,0.30434782608695654
Chasse,1,1,5,5,10.170000314712524,5.888430200252385,0.5790000017732382,0.3333333333333333
Greatlookz,3,11,62,62,411.24000239372253,212.2007712934226,0.5160022615948263,0.3333333333333333
Dasha,1,1,7,7,15.800000190734863,9.416800134219974,0.5960000013001263,0.6666666666666666
blank apparel,2,2,7,7,34.489999771118164,19.530669874134404,0.5662705133007665,0.5
Burlington Socks,1,1,9,9,36.0,13.931999936699867,0.386999998241663,0.0
Wise Guy Productions,1,1,6,6,23.69999885559082,14.978399348071214,0.6320000030100346,0.0
Gloves Online,1,1,5,5,14.84999942779541,9.489149668438731,0.6390000022947788,0.5
Soho Girls,4,25,129,129,778.9699807167053,345.8428709732943,0.4439745812221099,0.42424242424242425
Plain Hats,1,1,10,10,34.92999839782715,20.92306909068913,0.5990000014426187,0.5
Seinfeld,1,1,7,7,30.0,14.580000042915346,0.48600000143051153,0.0
Snob,1,1,5,5,29.500000476837158,13.983000251406805,0.4740000008605421,0.0
VooDoo Tactical,2,5,25,25,293.2600016593933,166.30958149166966,0.5671062557137603,0.4
Gatta,1,2,16,16,116.87999725341797,42.172188787036994,0.36081613430910425,0.16666666666666666
NYfashion101,1,1,3,3,11.979999542236328,6.996319741413295,0.5840000007301569,
Hot Sox,1,1,10,10,60.0,38.52000005543232,0.642000000923872,0.0
Peds,1,1,6,6,36.0,23.220000118017197,0.6450000032782555,0.0
COLDMASTER,1,5,33,33,307.72000455856323,161.31888210976388,0.5242391775639752,0.125
VIP BOUTIQUE,5,26,151,151,1815.4199752807617,1005.1057374518905,0.5536491561939804,0.3508771929824561
YogaColors,7,20,118,118,1382.0299892425537,678.115755171689,0.4906664547441134,0.2727272727272727
AN1225,3,6,42,42,298.8699960708618,147.35273776672614,0.49303288956375846,0.0
L.O.G.A.,1,1,5,5,33.75,19.81125004123896,0.5870000012218951,0.0
Foot Traffic,5,31,191,191,1708.4099893569946,911.3444361486215,0.5334459771519073,0.25925925925925924
Venom,2,2,10,10,75.8799991607666,41.617359533979894,0.5484628359813947,0.5
SkidDERS,1,3,11,11,62.90999794006348,35.2925089916566,0.561000002341138,0.0
Parquet,1,1,4,4,13.979999542236328,5.186579821003676,0.3709999993443489,0.5
Lorraine,1,1,3,3,14.0,7.070000011473894,0.5050000008195639,0.0
K. Alexander,1,7,41,41,269.19999504089355,154.0046974108352,0.5720828389593421,0.15384615384615385
Leather in Chicago,1,1,10,10,47.93999862670898,27.27785931432187,0.5690000019967556,0.5
Excell,1,1,7,7,39.94999885559081,22.132299421955636,0.554000001400709,0.5
IG Clear Lens,1,1,6,6,31.959999084472653,20.038919495971793,0.6270000021904707,0.5
SHARKK,2,2,15,15,103.86999702453612,52.957718591077914,0.5098461548869426,0.14285714285714285
High Style,7,20,116,116,1828.1299991607666,867.6481511187145,0.474609656598285,0.23809523809523808
Level 33,1,1,4,4,23.96999931335449,11.505599681125577,0.4800000004470348,1.0
Travelwell,1,1,6,6,24.0,15.096000015735626,0.6290000006556511,0.0
Cloudveil,3,5,30,30,614.4600086212158,305.37444378462186,0.49698017690337615,0.16666666666666666
AJs,3,7,39,39,255.0,140.9450001316145,0.5527254907122138,0.4
Capelli New York,5,22,128,128,1349.6599884033203,643.2162421686456,0.4765765064500324,0.30952380952380953
Yelete,2,30,178,179,2165.4799699783325,962.1377243772959,0.4443069147330524,0.3
NNW,1,1,10,10,62.64999866485596,24.68409937733002,0.3939999984577298,0.2
Zulu LAX,1,2,10,10,80.90999794006348,46.60415885018199,0.5760000004536575,0.0
Gem Avenue,2,8,68,68,898.8799915313721,502.987715871198,0.5595716008922234,0.2222222222222222
MMG,1,1,4,4,26.969999313354492,17.125949608187376,0.6350000016391277,0.0
Illusion,1,6,31,31,367.62999153137207,179.58177637808794,0.4884851087095356,0.18181818181818182
Wrightsock,3,29,199,199,3421.870002746582,1544.0767973288441,0.4512377139077413,0.2328767123287671
Pop Fashionwear,2,2,17,17,129.5,74.31450015492737,0.5738571440534932,0.3333333333333333
Rasta/NYE,2,4,25,25,187.70999813079834,111.51841898654396,0.5940995157265769,0.3333333333333333
White Lotus,1,1,11,11,99.49999809265137,64.47599858315287,0.6479999981820581,0.0
Crescent,1,1,11,11,79.5999984741211,50.46639929828643,0.6340000033378601,0.5
Flip,1,1,3,3,29.84999942779541,15.969749698318541,0.5350000001490116,0.0
Gary Majdell Sport,3,46,332,332,4864.069857597351,1972.2243963315268,0.4054679422934365,0.34513274336283184
TIE-DYES,1,1,4,4,19.979999542236328,9.29069982137829,0.46500000171363354,1.0
ShoSho Fashion,2,2,17,17,129.86999702453613,71.98793845307637,0.5543076930961645,0.2
Doctor Who,2,5,34,34,407.5300006866455,156.17681001433874,0.38322776176280793,0.35714285714285715
Full Tilt,7,21,120,120,2020.149980545044,1083.1583397136574,0.5361771898843952,0.4
Alpine Swiss,1,1,11,11,89.90999794006348,53.94599889801442,0.6000000014901161,1.0
Vittorino,1,1,6,6,49.94999885559082,29.370599303269383,0.5879999995231627,0.25
DFDesigns,1,13,102,102,2003.4599990844727,1154.2882212565605,0.5761473759316579,0.24390243902439024
Fine Fit,1,2,12,12,75.30000114440918,33.734400431907176,0.4479999989271164,0.5
ECCO,1,4,23,23,252.92999839782715,102.907908954058,0.4068632016997714,0.25
Richer Poorer,1,6,35,35,287.1900005340576,109.86449972497671,0.38254987820144515,0.4444444444444444
DECKY,1,2,7,7,85.31999778747559,54.28463878892421,0.6362475409826234,0.0
Indera Mills,1,2,14,14,161.20000076293945,90.64780027129947,0.5623312645302405,0.0
Luxire Custom Clothing,1,1,4,4,43.59999847412109,27.991199060666553,0.6420000009238719,0.0
Love Tease,1,1,10,10,76.5799970626831,39.055798484851415,0.5099999997764825,0.5
The Little Alpaca's House,3,46,297,299,6751.88028717041,3369.470982612482,0.49904187267878325,0.3761467889908257
Aerosoles,2,3,19,19,197.8299961090088,110.83256810966627,0.5602414714126316,0.0
Okutani,2,2,6,6,33.96999931335449,19.372879664580225,0.5702937902905474,0.5
Everlast,2,2,10,10,81.96999931335449,49.91727963177234,0.6089701116252156,0.6
YMI,2,12,72,73,1623.5599956512451,768.1115888117369,0.47310329822682695,0.3448275862068966
TVTimeDirect,2,3,22,22,415.04000091552734,213.43648088719368,0.5142552053208823,0.3
BOOB-EEZ,1,1,4,4,35.84999942779541,16.455149763534216,0.45900000073015684,0.25
Knocker,1,4,24,24,258.8299961090088,97.68161824938574,0.37739682308014316,0.25
Feelmax,2,2,14,14,143.87999725341797,76.54415848950683,0.5319999996572732,0.25
Varsity,1,7,52,52,443.62999153137207,267.1611755938555,0.6022162177801333,0.4
Mopas,2,3,17,17,239.8599967956543,123.04032861414558,0.5129672736507549,0.25
Davco,1,1,11,11,107.90999794006348,38.6317791628477,0.357999999076128,0.3333333333333333
Next Level Apparel,1,1,7,7,71.93999862670898,33.59597950553565,0.467000002041459,0.5
Sentiments,1,1,3,3,35.96999931335449,14.927549649382756,0.41499999817460775,
Maria Rosa,1,1,11,11,96.0,45.59999996423721,0.47499999962747097,0.2
Moontree,3,4,26,26,349.53999614715576,173.03020813024676,0.4950226298492071,0.2222222222222222
Foot Traffice,2,2,12,12,109.79999828338623,59.926399068927765,0.5457777778307596,0.0
Body Language Fashions,1,2,14,14,138.76000022888184,63.319360297982925,0.45632286100849606,0.0
TUMMY LINERS,1,1,1,1,0.0,0.0,,
Luzy's Storage Place,1,1,4,4,51.79999923706055,21.91139969888925,0.42300000041723246,0.0
Modadorn,2,5,32,32,324.7499942779541,182.3276373056393,0.5614400015957652,0.25
Lingerie,1,1,7,7,38.96999931335449,18.82250970493421,0.48300000093877316,0.5
Ayurvastram,3,4,30,30,473.8099956512451,218.63305836489283,0.4614361460745141,0.25
Jacques Moret,2,4,25,25,514.9499988555908,296.51055009245573,0.5758045455896917,0.0
Sheec,1,1,6,6,64.94999885559082,35.787449549447,0.551000002771616,0.0
Touch Screen Gloves,1,1,8,8,90.92999839782715,53.83055915245838,0.5920000011101364,0.25
tabbisocks,2,2,9,9,111.91999816894531,65.30115902958454,0.5834628314683425,0.0
Casual Socks,3,8,50,50,1154.7099933624268,629.1490967389639,0.5448546391349139,0.1875
Cover Male,1,6,47,48,694.0,385.3519996777177,0.555262247374233,0.2222222222222222
WMU,2,4,30,30,624.279993057251,331.09402708642335,0.5303614255920254,0.1
Incrediwear,1,4,22,22,235.33999633789062,91.3443883423476,0.3881379695918726,0.375
Next Level,3,24,161,161,3065.0899839401245,1433.8220344209276,0.4677911715263159,0.20689655172413793
Field & Stream,1,1,6,6,55.119998931884766,23.922079556150436,0.43400000035762787,0.6666666666666666
Sugarlips,3,3,16,16,191.7899980545044,98.18837923532993,0.5119577675131213,0.3333333333333333
Vivian's Fashions,2,5,28,28,358.7999954223633,162.16791758439493,0.4519730202156166,0.375
Touch of Europe Shirts & Tops,1,1,7,7,83.93999862670898,45.41153903940976,0.540999997407198,0.0
Ilitia,2,3,17,17,144.9199981689453,71.6373193058896,0.49432321426319653,0.25
Zorrel,2,3,26,26,415.0,197.74000074714422,0.4764819295111909,0.5
Diabetic Care,2,2,18,18,179.39999771118164,78.3379988089651,0.43666666559875017,0.2857142857142857
Velrose,2,6,35,35,427.70000743865967,211.61025394395134,0.4947632692625105,0.2222222222222222
Groovin',1,9,49,49,674.6099910736084,354.21365499457744,0.5250643478180096,0.15384615384615385
Hollywood Mirror,1,1,8,8,74.94999885559082,46.69384940206781,0.6230000015348196,0.5
Reward,1,3,20,20,230.86999702453613,133.83566850512278,0.5797014347035278,0.4
LissKiss,2,11,69,69,1098.5199890136719,536.750944108625,0.488612814948008,0.2
Curve Appeal,6,24,143,143,2104.379985809326,1118.8422642915555,0.5316731159944283,0.30612244897959184
EuroBrand,1,1,7,7,89.93999862670898,46.04927930625648,0.5120000001043082,0.3333333333333333
Flirt,1,1,2,2,29.979999542236328,14.960019766661826,0.49899999983608734,0.0
Blac Label,1,2,15,15,289.87999725341797,155.37523832918913,0.5359984814452633,0.16666666666666666
GM,2,4,27,27,874.7500324249268,374.4986740643345,0.4281207890054865,0.125
Classics By Palmland,1,1,5,5,74.94999885559082,31.55394966451004,0.4210000019520521,0.0
Shirt.Woot,1,2,8,8,60.0,24.930000063031912,0.41550000105053186,0.25
BIKINI LAB,1,2,11,11,105.0,58.90499968081713,0.5609999969601631,0.5
Lady Hathaway,1,1,7,7,60.0,29.87999986857176,0.4979999978095293,1.0
Surfside,1,1,6,6,45.0,26.234999920707196,0.5829999982379377,1.0
FINESSE,1,2,16,16,195.0,87.37500015646219,0.4480769238792933,0.3333333333333333
Solemio,1,1,4,4,60.0,37.380000092089176,0.6230000015348196,0.0
Kari's Fashion,1,1,6,6,90.0,44.639999982900925,0.49599999981001025,0.0
ShimmyShimmy,1,1,1,1,15.75,7.339500007568859,0.46600000048056245,
point6,3,19,108,108,1539.250036239624,680.9143641903282,0.44236761290179777,0.2972972972972973
JEM Shape,1,2,7,7,191.78000259399414,94.06694169000295,0.49049400572356017,0.0
City Hunter,1,1,8,8,111.92999839782715,66.8222092073727,0.597000001464039,0.0
Nintendo,2,3,20,20,534.6500034332275,265.60515151154846,0.49678322230614164,0.16666666666666666
Terramar,4,4,22,22,431.75000381469727,216.6622011109136,0.5018232754988066,0.3333333333333333
Players,1,2,14,14,197.0,102.72699964977801,0.5214568510141016,0.5
Valmont,2,3,22,22,268.0,139.9559999331832,0.5222238803476985,0.2857142857142857
35 Degree Below,1,2,10,10,146.39999389648438,55.33919749217034,0.37799999862909317,0.3333333333333333
American Rag,3,9,66,66,1830.7200107574463,904.9745750098867,0.49432713341864903,0.12
Perry,1,2,15,15,185.64999771118164,112.08264889300395,0.6037309468076187,0.4
Eliana,1,2,18,18,243.600004196167,149.3950521732427,0.6132801707710045,0.3333333333333333
Hilton Bay,1,1,7,7,101.70000457763672,63.56250305045397,0.6250000018626451,0.0
1WorldSarong,1,3,22,22,288.8299961090088,171.87083734310406,0.5950588223469608,0.2
Thermal Sport,1,1,9,9,135.9199981689453,54.09615905579193,0.39799999841488887,
JNCO,1,2,13,13,160.9699993133545,64.9164299688299,0.4032827871388595,0.3333333333333333
Angelina Hosiery,3,3,15,15,244.89999771118164,122.68767836926475,0.5009705166022673,0.3333333333333333
Jesus Said,1,1,4,4,67.95999908447266,30.921799651791154,0.4550000010058284,
UnderFit,1,1,7,7,68.0,36.71999993920326,0.5399999991059303,0.6666666666666666
Trendy Top,1,1,4,4,51.60000228881836,22.704001076281074,0.4400000013411045,
Living Dead Souls,4,5,35,35,654.0,325.2179999211803,0.49727522923727874,0.29411764705882354
Gipsy Hosiery,1,2,4,4,53.85000228881836,30.85605135402158,0.5730000007897615,0.5
Foot Petals,1,1,2,2,35.939998626708984,15.310439447646441,0.42600000090897094,
Acura,1,7,40,40,575.6799926757812,341.7560265666769,0.5936562515889819,0.36363636363636365
Lagaci Sport,3,3,17,17,293.86999702453613,146.70735872891487,0.4992253724924012,0.4
LibbySue,3,17,92,92,1247.9499988555908,700.0521502269045,0.5609616978796219,0.2631578947368421
Coca-Cola,1,1,7,7,107.93999862670898,52.45883928593607,0.48599999956786644,0.5
Poof,2,2,8,8,195.97999954223633,115.93371929362297,0.5915589323625735,0.4
Honey Bun,2,3,11,11,172.0,76.47999980300665,0.4446511616453875,0.0
SethRoberts,1,2,16,16,252.0,154.2240004017949,0.6120000015944242,0.1111111111111111
Wolfmark,2,2,10,10,162.0,79.92000002413988,0.4933333334823449,1.0
GoLite,1,1,7,7,56.310001373291016,30.80157066056907,0.5469999983906746,0.0
Khakis & Co,2,3,16,16,305.7200012207031,152.91108037017852,0.5001670802028751,0.3333333333333333
Teko,1,2,12,12,213.2000026702881,87.56780090975462,0.41073076835358885,0.0
Adventure Time,2,5,36,36,552.6199989318848,261.224169911771,0.47270126020895087,0.375
Dopp,1,2,15,15,190.90999794006348,109.23142901682826,0.5721619097765726,0.5
Therafirm,1,2,9,9,196.8299961090088,116.56700804879307,0.5922217667689009,0.3333333333333333
Fredricks of Hollywood,1,1,5,5,75.95999908447266,34.713719612165086,0.45700000040233124,0.25
LookbookStore,2,3,17,17,434.85000801086426,248.7339048224487,0.5719993106593995,0.125
Guinea,1,1,4,4,56.96999931335449,24.26921975927308,0.42600000090897083,0.5
Teez-Her,3,6,34,34,592.659990310669,242.98345612062994,0.4099879527775435,0.3333333333333333
METROPARK,3,3,12,12,255.4000015258789,137.3562009198714,0.5378081444762777,0.5
Powerhouse Gym,1,1,5,5,79.80000305175781,38.86260146480202,0.486999999731779,0.0
KENTWOOL,1,3,25,25,344.4000072479248,135.96830246329753,0.3947976178915043,0.5
Soul Eater,1,1,8,8,99.75000381469727,40.997251784853646,0.41100000217556953,0.0
Fertile Mind,1,5,24,24,394.1500129699707,211.76055648185013,0.5372587834926283,0.42857142857142855
Always Sunny In Philadelphia,1,1,11,11,159.60000610351562,70.38360291327128,0.44100000138860196,0.5
Dexter,1,1,7,7,139.65000534057617,61.86495255680215,0.44300000136718154,0.0
Duck Commander,2,2,17,17,319.89000701904297,178.42191503308726,0.5577602023137467,0.4
Kodiak,1,2,10,10,139.92999839782715,52.113929083686024,0.3724285691444363,1.0
Harvard Square,1,2,12,12,199.9199981689453,88.48411938314615,0.4425976400238427,0.3333333333333333
BCO,1,1,5,5,59.96999931335449,33.70313977674454,0.5620000027120113,0.5
Slimming Tees,1,1,7,7,59.96999931335449,31.06445959784925,0.5179999992251396,0.6666666666666666
Nyan Cat,1,1,6,6,59.96999931335449,28.305839847478858,0.47200000286102284,0.6666666666666666
Cecico Clothing,1,1,5,5,79.95999908447266,33.90303965828478,0.4240000005811453,0.0
Intimates,1,2,8,8,119.93999862670898,53.373299461864676,0.44500000060846406,0.25
Kena Kai,1,1,11,11,159.9199981689453,91.63415907710431,0.5730000007897614,0.6666666666666666
Just a Kiss,1,1,3,3,59.96999931335449,30.164909684106856,0.5030000004917383,0.0
Plejue Inimates,1,1,5,5,79.95999908447266,36.70163963815629,0.4590000007301568,0.5
ColdPruf,1,1,10,10,159.9199981689453,68.7655994628608,0.4300000015646218,0.5
Shupaca,1,1,7,7,139.92999839782715,81.7191191665019,0.5840000007301568,0.0
WILLIAM POWERS,1,1,4,4,79.95999908447266,44.53771949243426,0.5570000000298023,0.0
Mundi,2,7,36,36,615.9999942779541,339.91007764802123,0.5518020792296396,0.3333333333333333
Ahaarya,1,4,20,20,429.81999588012695,177.92032796242282,0.4139414863612889,0.0
Belevation,1,2,11,11,174.97999954223633,94.5987394362355,0.5406260125940934,0.5
icebreaker,2,2,13,13,323.8399963378906,149.65055788225175,0.462112646907605,0.16666666666666666
Phases,1,1,3,3,20.0,8.599999956786633,0.4299999978393316,0.6666666666666666
BKE,1,1,8,8,121.25999450683594,51.41423774136811,0.4240000005811453,0.3333333333333333
WinnieFashion,1,8,64,64,992.6999969482422,420.85925008663315,0.4239541164303802,0.3157894736842105
Forrest Gump,1,1,9,9,188.55000686645508,89.56125354252755,0.47500000149011606,0.0
Pistil,2,2,16,16,252.0,146.74800011515617,0.5823333337903023,0.0
Lobers,2,5,33,33,554.9499969482422,308.2695788781923,0.5554907299277692,0.4
Intymen,1,4,25,25,417.0,222.01299972343259,0.5324052751161453,0.2
ian Leino Design,1,1,4,4,64.5,28.638000098755583,0.4440000015310943,0.3333333333333333
Buff,1,2,17,17,438.21999740600586,242.1608598920548,0.5526011166206445,0.2857142857142857
Concepts Touchscreen Gloves,1,1,8,8,65.96999931335449,41.09930967347189,0.6230000015348196,0.0
Assassin's Creed III,1,1,4,4,65.96999931335449,31.92947974040777,0.48400000110268604,0.0
Estee Lauder,1,1,4,4,87.95999908447266,31.401719413636926,0.3569999970495701,0.0
Goodhew,2,4,32,32,860.900016784668,385.68880631070493,0.4480065034162673,0.07692307692307693
Fun Boxer,1,1,3,3,44.0,25.036000087857246,0.5690000019967556,0.5
Zumba Fitness,1,2,13,13,328.0,200.8878393223024,0.612462924763117,0.0
Port,1,2,14,14,204.46999740600583,93.73811870625902,0.4584443678557296,0.25
mens cotton mix argyle socks,1,1,5,5,112.5,45.787499856669456,0.4069999987259507,0.0
Handkerchief Heaven,1,1,4,4,91.80000305175781,56.64060210453869,0.6170000024139881,0.0
Runway,1,1,7,7,45.97999954223633,26.254579845501187,0.5710000023245813,0.5
Underglam,1,8,30,30,510.78999519348145,239.3823680112596,0.46865124662550267,0.5
Touch of Europe Flannel Pants,1,18,139,139,2919.8799743652344,1680.6408787753594,0.5755856040420707,0.08333333333333333
Rhonda Shear,2,3,27,27,566.8999977111816,260.0714977901652,0.45876080232877997,0.375
KOI Medical,1,2,7,7,183.65000534057617,104.32990300503596,0.5680909336841985,0.0
Fashion Apparel,1,1,4,4,71.96999931335449,33.17816975959941,0.4610000010579824,
SlimMe,1,2,9,9,180.0,78.73199996352196,0.43739999979734423,0.4
Ecoland,2,2,14,14,336.0,206.2079998254776,0.6137142851948738,0.3333333333333333
Cover Me,1,2,14,14,245.0,146.85299933701756,0.5993999972939492,0.5
Pillow Pets,1,1,3,3,49.900001525878906,21.257400602436068,0.42599999904632574,
Jamaican Style,1,1,3,3,49.900001525878906,26.64660072112977,0.5339999981224536,0.0
Dog Is Good,2,2,12,12,287.5500068664551,117.59795258957261,0.408965222679295,0.5
Stella,1,3,14,14,174.92999839782715,70.84664900108278,0.40499999799898695,0.42857142857142855
Sailor Jerry,1,1,11,11,149.93999862670898,84.71609914589077,0.5649999994784594,0.6
Discovery Channel,1,1,6,6,99.95999908447266,47.78087957429409,0.4780000001192093,0.5
Hook & Tackle Clothing,1,1,4,4,99.95999908447266,42.982799390342834,0.4299999978393316,0.0
Softwear,1,1,8,8,174.92999839782715,63.14972902018995,0.36099999770522123,0.5
Tultex,1,1,10,10,224.90999794006348,98.28566887191117,0.43699999898672104,0.3333333333333333
Amethyst Jeans,1,1,4,4,99.95999908447266,45.18191954447508,0.4519999995827675,0.0
Buckwear,1,1,3,3,50.0,23.65000005811453,0.4730000011622906,0.0
Love Squared,1,1,10,10,225.0,93.60000025480986,0.41600000113248825,0.0
One Step Up Plus,1,1,3,3,50.0,23.55000003590249,0.47100000071804976,0.3333333333333333
Pencey Standard Jessica Hart,1,1,5,5,125.0,66.750000230968,0.534000001847744,0.0
tasc Performance,1,2,15,15,342.0,203.53199972212315,0.5951228062050384,0.6
Panhandle Slim,1,1,5,5,100.0,45.30000016093254,0.4530000016093254,0.5
Notations,2,2,12,12,279.27000427246094,159.91820229195355,0.5726293545508541,0.0
Talitania,2,2,12,12,181.29999732971194,103.47049879249931,0.5707142874598503,0.5
Blanks Plus,2,2,16,16,341.7300148010254,188.40645849793708,0.5513313151835317,0.5
Gypsy Rose,1,4,22,22,478.6599922180176,258.2945956153717,0.5396201893090847,0.3333333333333333
J Hat,1,1,6,6,103.95999908447266,59.36115971889735,0.5710000023245813,0.3333333333333333
Royce Leather,2,2,21,21,410.9099941253662,222.58559688129424,0.5416894211956905,0.6666666666666666
Pratt and Hart,1,8,45,45,1033.450023651123,618.8015156003761,0.5987725593291718,0.3333333333333333
Underboss/ Undergirl,1,2,21,21,458.8299961090088,197.02699724327033,0.42941176233922745,0.2222222222222222
Marine,1,1,9,9,80.96999931335449,47.61035970846132,0.588000001385808,0.5
YUMS,1,1,8,8,134.94999885559082,62.616799426765006,0.46399999968707567,0.4
Obviously,1,1,9,9,162.0,79.86599981412292,0.4929999988526106,0.16666666666666666
Colorado Timberline,1,1,10,10,243.0,130.73399970307943,0.5379999987781047,0.0
Slimme,1,1,4,4,81.60000228881836,40.96320132772922,0.5020000021904706,0.5
Craft,2,3,22,22,545.6500053405762,287.47530266750306,0.5268492620797662,0.375
Pretty Pushers,1,1,1,1,28.950000762939453,16.964700423787534,0.5859999991953373,
deLux,2,2,12,12,347.87999725341797,191.5949084112906,0.5507499997814495,0.0
Sugar Free Sox,3,7,37,37,754.0,343.5049994252622,0.4555769223146714,0.2727272727272727
Sub Sports,1,4,30,30,790.0,463.5649986434728,0.5867911375233833,0.3333333333333333
Mina,2,2,8,8,179.70000457763672,94.94150266732463,0.5283333347178996,0.3333333333333333
The Magic Scarf Company,1,2,8,8,183.75000381469727,113.49100276947767,0.6176380974877568,0.2
Monte Carlo,1,1,8,8,149.94999885559082,58.33054934031962,0.3889999985694884,0.5
TravelSox,2,2,11,11,239.9199981689453,135.2249085408886,0.5636249982198933,0.4
Sleepshirt,1,1,4,4,89.96999931335449,32.92901944838047,0.3659999966621399,0.5
Trienawear Skirts,1,2,16,16,395.9099979400635,242.0442891640319,0.6113619015013478,0.4
Skinnygirl,1,3,14,14,278.0,130.74800026789308,0.4703165477262341,0.5
ScotlandShop,1,1,7,7,150.0,86.10000014305115,0.5740000009536743,0.3333333333333333
Tuga,1,1,11,11,240.0,94.79999966919424,0.39499999862164265,0.0
BOOTIGHTS,2,2,17,17,452.0,254.0760000348091,0.562115044324799,0.16666666666666666
Dreamgirl,1,2,15,15,455.320011138916,215.71126557891137,0.4737574899010948,0.0
Yourtack,1,1,9,9,191.70000457763672,110.41920288238228,0.5760000012814999,0.3333333333333333
Motony,1,1,3,3,63.97999954223633,35.508899667287615,0.5549999987706541,1.0
Dessy,1,1,8,8,160.0,94.40000027418137,0.5900000017136335,0.25
Islandia,1,1,9,9,256.0,117.2480001449585,0.4580000005662441,0.0
Rawlings,2,2,14,14,357.3600158691406,194.83944795473047,0.545218936933553,0.2222222222222222
Apparel Force,1,1,10,10,197.94001007080078,104.5123254884559,0.5280000008642673,0.3333333333333333
KY INTERNATIONAL,1,1,9,9,271.6000061035156,128.73840375915768,0.4740000031888485,0.0
Lilyette,2,7,43,43,1073.0000076293945,497.3490035722777,0.46351258158057534,0.16666666666666666
Hook & TackleÂ®,1,4,32,32,864.8300285339355,427.5068040827839,0.49432465337436965,0.125
Lily White,1,1,7,7,102.0,53.346000004559755,0.5230000000447035,0.5
Cocoon,1,1,7,7,238.0,121.37999994680285,0.5099999997764826,0.0
Nation LTD,1,1,8,8,274.0799865722656,134.29919348167184,0.49000000022351753,0.0
Beza,1,1,6,6,139.8000030517578,84.57900203900785,0.6050000013783574,0.0
Seal Skinz,2,2,11,11,314.5500068664551,167.55030260760782,0.5326666633288065,0.2
Cool Kaftans,1,1,7,7,209.87999725341797,114.59447861686394,0.5460000005550683,1.0
Giorgio Brutini,1,1,6,6,139.9600067138672,67.74064340384365,0.48400000110268593,0.0
Benny's,1,3,22,22,724.8100318908691,317.23690494908635,0.4376828285909418,0.0
Monty Q,1,1,8,8,209.94001007080078,116.72664576673195,0.5560000007972121,0.5
Island Outfitters,2,2,13,13,414.89001846313477,178.747077484295,0.43083002610287585,0.16666666666666666
Visconti,1,1,6,6,139.9600067138672,85.37560427273215,0.6100000012665987,0.5
Miss London,1,2,9,9,244.93001174926758,135.69122672182203,0.5540000008685249,0.5
Plugg Jeans Co.,1,1,7,7,175.0,92.22500012256205,0.5270000007003546,0.0
Condessa,1,5,23,23,700.0,402.11499931756407,0.5744499990250915,0.0
Warrior,1,1,13,13,280.0,153.4400001168251,0.5480000004172325,0.6
La Leche League Sports Nurising Bra White,1,1,2,2,71.44000244140625,39.934961265544366,0.558999998611398,0.0
Blink Product Design,2,2,12,12,358.4000015258789,205.7216012176513,0.5740000009536742,0.2857142857142857
Double Platinum,1,1,3,3,107.85000228881836,61.5823511558488,0.5709999985992908,0.0
Fabian,1,1,4,4,144.7200012207031,84.08232101329443,0.5810000021010636,0.0
SPORTAILOR,1,2,11,11,344.36001205444336,138.57936436418754,0.40242583201640186,0.16666666666666666
Crazeewear,1,1,5,5,184.75000381469724,114.36025252372396,0.6190000008791684,0.0
1veMoon,1,1,9,9,227.94001007080078,124.2273052593179,0.5449999989941716,0.0
Rig'Em Right,1,1,6,6,189.95000839233398,76.92975291771438,0.40499999746680254,
ShaToBu,1,1,10,10,266.0,137.52199975028634,0.5169999990612268,0.2
Freestyle,1,1,4,4,76.0,34.57999986410142,0.45499999821186077,0.0
Lloyd Attree & Smith,1,1,10,10,229.5,145.04400069080293,0.6320000030100346,0.25
Power Trip,1,1,6,6,195.0,114.07499981112778,0.5849999990314245,0.5
Aero Tech Designs,2,2,13,13,439.4500083923339,244.01460438128422,0.5552727266384118,0.0
funzee,1,1,5,5,119.85000228881833,52.97370076520291,0.4419999979436397,1.0
Retro Brand,1,1,2,2,79.94000244140625,44.60652137779027,0.5580000001937151,
Southern Thread,1,1,10,10,239.94001007080078,102.45438411073653,0.4269999992102384,0.5
Cortland,1,1,5,5,119.97000503540039,60.224942790561784,0.5020000021904708,0.5
Osgoode Marley,2,2,14,14,359.9100151062012,226.9032703662196,0.6304444467855824,0.4
Paper Doll,1,1,5,5,159.9600067138672,93.25668363232506,0.5829999982379377,
Big Feet Pjs,1,1,6,6,199.95000839233398,81.57960320210046,0.4079999988898635,0.3333333333333333
Wurkin,1,1,12,12,320.0,195.52000045776367,0.6110000014305115,0.25
Apt 9,1,1,6,6,120.0,57.360000126063824,0.47800000105053186,1.0
